{
    "$schema": "https://schema.management.azure.com/schemas/2019-04-01/deploymentParameters.json#",
    "contentVersion": "1.0.0.0",
    "parameters": {
        "vpnGateway": {
            "value": {
                "deploy": true,
                "deployLocalGateways": false,
                "name": "vgw-gateway",
                "pipName": "pip-vgw-gateway",
                "localGateways": [
                    {
                        "localGatewayIpAddress": "44.197.59.129",
                        "sharedKey": "wuROjsJDykVWo_Scq2uliQsZv8IdJfaq",
                        "localAddressPrefix": "172.60.0.0/16",
                        "localGatewayName": "Azure-to-AWS-localgateway-tunnel1",
                        "connectionName": "Azure-to-AWS-tunnel1"
                    },
                    {
                        "localGatewayIpAddress": "52.201.173.239",
                        "sharedKey": "GdNahl55kVPZg7g.vvhmMZgLsVIdfM8e",
                        "localAddressPrefix": "172.60.0.0/16",
                        "localGatewayName": "Azure-to-AWS-localgateway-tunnel2",
                        "connectionName": "Azure-to-AWS-tunnel2"
                    }
                ]
            }
        }
    }
}