{
    "$schema": "https://schema.management.azure.com/schemas/2019-04-01/deploymentTemplate.json#",
    "contentVersion": "1.0.0.0",
    "parameters": {
        "vpnGateway": {
            "type": "object",
            "metadata": {
                "description": "description"
            }
        },
        "namePrefix": {
          "type": "string",
          "metadata": {
            "displayName": "Resource Group and Resource name prefix",
            "description": "Resource Group and Resource identifier. String to be used as prefix to all Resource Group and Resource names."
          }
        },
        "hubName": {
            "type": "string",
            "defaultValue": "hub-shared",
            "metadata": {
                "description": "description"
            }
        }
    },
    "functions": [],
    "variables": {
        "deployment-prefix": "[toLower(concat(parameters('namePrefix'), '-', parameters('hubName')))]",
       "vpn-gw-name": "[concat(variables('deployment-prefix'), '-vpn-gw')]",
       "localGatewayCount": "[length(parameters('vpnGateway').localGateways)]"
    },
    "resources": [
         {
            "comments": "Local network gateways",
            "condition": "[parameters('vpnGateway').deployLocalGateways]",
            "name": "[parameters('vpnGateway').localGateways[copyIndex()].localGatewayName]",
            "type": "Microsoft.Network/localNetworkGateways",
            "apiVersion": "2019-11-01",
            "location": "[resourceGroup().location]",
            "copy": {
                "name": "iterator",
                "count": "[variables('localGatewayCount')]"
            },
            "tags": {
                "name": "az-zt"
            },
            "properties": {
                "localNetworkAddressSpace": {
                    "addressPrefixes": [
                        "[parameters('vpnGateway').localGateways[copyIndex()].localAddressPrefix]"
                    ]
                },
                "gatewayIpAddress": "[parameters('vpnGateway').localGateways[copyIndex()].localGatewayIpAddress]"
            }
        },
        {
            "comments": "Deploy connection",
            "condition": "[parameters('vpnGateway').deployLocalGateways]",
            "name": "[parameters('vpnGateway').localGateways[copyIndex()].localGatewayName]",
            "type": "Microsoft.Network/connections",
            "apiVersion": "2019-11-01",
            "location": "[resourceGroup().location]",
            "copy": {
                "name": "iterator",
                "count": "[variables('localGatewayCount')]"
            },
            "tags": {
                "name": "az-zt"
            },
            "dependsOn": [
                "[resourceId('Microsoft.Network/virtualNetworkGateways', variables('vpn-gw-name'))]",
                "[resourceId('Microsoft.Network/localNetworkGateways', parameters('vpnGateway').localGateways[copyIndex()].localGatewayName)]"
            ],
            "properties": {
                "virtualNetworkGateway1": {
                    "id": "[resourceId('Microsoft.Network/virtualNetworkGateways', variables('vpn-gw-name'))]"
                },
                "localNetworkGateway2": {
                    "id": "[resourceId('Microsoft.Network/localNetworkGateways', parameters('vpnGateway').localGateways[copyIndex()].localGatewayName)]"
                },
                "connectionType": "IPsec",
                "routingWeight": 10,
                "sharedKey": "[parameters('vpnGateway').localGateways[copyIndex()].sharedKey]"
            }
        }
    ],
    "outputs": {}
}