{
    "$schema": "https://schema.management.azure.com/schemas/2019-08-01/managementGroupDeploymentTemplate.json#",
    "contentVersion": "1.0.0.0",
    "parameters": {
        "existing-vnet-name": {
            "type": "string",
            "metadata": {
                "description": "description"
            }
        },
        "subnetdetails": {
            "type": "object",
            "metadata": {
                "description": "description"
            }
        },
        "location": {
            "type": "string",
            "defaultValue": "[resourceGroup().location]",
            "metadata": {
                "description": "Location for all resources."
            }
        }
    },
    "functions": [],
    "variables": {},
    "resources": [
        {
            "apiVersion": "2019-06-01",
            "type": "Microsoft.Network/virtualNetworks/subnets",
            "name": "[concat(parameters('existing-vnet-name'), '/', parameters('subnetdetails').name)]",
            "location": "[parameters('location')]",
            "properties": {
                "addressPrefix": "[parameters('subnetdetails').subnetaddressprefix]"
            }
        }
    ],
    "outputs": {}
}