{
  "kind": "template",
  "properties": {
    "displayName": "Azure VPN Gateway template",
    "description": "Azure VPN Gateway template.",
    "dependsOn": [
      "hub-shared-security-log",
      "hub-shared-network-nsg",
      "hub-shared-network-vnet"
    ],
    "template": {
      "$schema": "https://schema.management.azure.com/schemas/2019-04-01/deploymentTemplate.json#",
      "contentVersion": "1.0.0.0",
      "parameters": {
        "namePrefix": {
          "type": "string",
          "metadata": {
            "displayName": "Resource Group and Resource name prefix",
            "description": "Resource Group and Resource identifier. String to be used as prefix to all Resource Group and Resource names."
          }
        },
        "hubName": {
          "type": "string",
          "defaultValue": "hub-shared",
          "metadata": {
            "displayName": "Hub Shared name",
            "description": "Hub Shared name."
          }
        },
        "logsRetentionInDays": {
          "type": "int",
          "defaultValue": 365,
          "minValue": 0,
          "maxValue": 365,
          "metadata": {
            "displayName": "Log retention in days",
            "description": "Specifies the number of days that logs will be kept for; a value of 0 will retain data indefinitely"
          }
        },
        "deploy-local-gateway": {
          "type": "bool",
          "defaultValue": false
        },
        "local-gateway-config": {
          "type": "array",
          "defaultValue": [
            {
              "localGatewayIpAddress": "44.197.59.129",
              "sharedKey": "wuROjsJDykVWo_Scq2uliQsZv8IdJfaq",
              "localAddressPrefix": "172.60.0.0/16",
              "localGatewayName": "Azure-to-AWS-localgateway-tunnel1",
              "connectionName": "Azure-to-AWS-tunnel1"
            },
            {
              "localGatewayIpAddress": "52.201.173.239",
              "sharedKey": "GdNahl55kVPZg7g.vvhmMZgLsVIdfM8e",
              "localAddressPrefix": "172.60.0.0/16",
              "localGatewayName": "Azure-to-AWS-localgateway-tunnel2",
              "connectionName": "Azure-to-AWS-tunnel2"
            }
          ]
        },
        "deployHub": {
          "type": "bool",
          "defaultValue": true,
          "metadata": {
            "displayName": "Deploy Hub",
            "description": "Deploy Hub."
          }
        }
      },
      "variables": {
        "location": "[resourceGroup().location]",
        "deployment-prefix": "[toLower(concat(parameters('namePrefix'), '-', parameters('hubName')))]",
        "oms-workspace-resource-group": "[concat(variables('deployment-prefix'), '-rg')]",
        "oms-workspace-name": "[concat(variables('deployment-prefix'), '-log')]",
        "vnet-resource-group": "[concat(variables('deployment-prefix'), '-rg')]",
        "unique-string": "[uniqueString(subscription().id, concat(variables('deployment-prefix')))]",
        "diagnostic-storage-account-prefix": "[concat(replace(variables('deployment-prefix'), '-', ''), 'diag')]",
        "diagnostic-storage-account-name": "[toLower(substring(replace(concat(variables('diagnostic-storage-account-prefix'), variables('unique-string'), variables('unique-string')), '-', ''), 0, 23) )]",
        "vnet-name": "[concat(variables('deployment-prefix'), '-vnet')]",
        "vpn-gw-subnet-id": "[concat(resourceId(variables('vnet-resource-group'), 'Microsoft.Network/virtualNetworks', variables('vnet-name')) , '/subnets/GatewaySubnet')]",
        "vpn-gw-ip-name": "[concat(variables('deployment-prefix'), '-vpn-gw-ip')]",
        "vpn-gw-ip-id": "[resourceId('Microsoft.Network/publicIPAddresses', variables('vpn-gw-ip-name'))]",
        "vpn-gw-name": "[concat(variables('deployment-prefix'), '-vpn-gw')]",
        "localGatewayCount": "[length(parameters('local-gateway-config'))]"
      },
      "resources": [
        {
          "type": "Microsoft.Network/publicIPAddresses",
          "apiVersion": "2019-11-01",
          "name": "[variables('vpn-gw-ip-name')]",
          "location": "[variables('location')]",
          "condition": "[parameters('deployHub')]",
          "sku": {
            "name": "Basic"
          },
          "tags": {
            "component": "hub-shared-network-gateway"
          },
          "properties": {
            "publicIPAllocationMethod": "Dynamic",
            "publicIPAddressVersion": "IPv4"
          }
        },
        {
          "type": "Microsoft.Network/publicIPAddresses/providers/diagnosticSettings",
          "apiVersion": "2017-05-01-preview",
          "name": "[concat(variables('vpn-gw-ip-name'), '/Microsoft.Insights/service')]",
          "location": "[variables('location')]",
          "condition": "[parameters('deployHub')]",
          "dependsOn": [
            "[variables('vpn-gw-ip-name')]"
          ],
          "tags": {
            "component": "hub-shared-network-gateway"
          },
          "properties": {
            "storageAccountId": "[resourceId(variables('oms-workspace-resource-group'), 'Microsoft.Storage/storageAccounts', variables('diagnostic-storage-account-name'))]",
            "workspaceId": "[resourceId(variables('oms-workspace-resource-group'), 'Microsoft.OperationalInsights/workspaces', variables('oms-workspace-name'))]",
            "logs": [
              {
                "category": "DDoSProtectionNotifications",
                "enabled": true
              },
              {
                "category": "DDoSMitigationFlowLogs",
                "enabled": true
              },
              {
                "category": "DDoSMitigationReports",
                "enabled": true
              }
            ],
            "metrics": [
              {
                "category": "AllMetrics",
                "timeGrain": null,
                "enabled": true,
                "retentionPolicy": {
                  "enabled": true,
                  "days": "[parameters('logsRetentionInDays')]"
                }
              }
            ]
          }
        },
        {
          "type": "Microsoft.Network/virtualNetworkGateways",
          "apiVersion": "2020-05-01",
          "name": "[variables('vpn-gw-name')]",
          "location": "[variables('location')]",
          "condition": "[parameters('deployHub')]",
          "dependsOn": [
            "[variables('vpn-gw-ip-name')]"
          ],
          "tags": {
            "component": "hub-shared-network-gateway"
          },
          "properties": {
            "enablePrivateIpAddress": false,
            "ipConfigurations": [
              {
                "name": "default",
                "properties": {
                  "privateIPAllocationMethod": "Dynamic",
                  "publicIPAddress": {
                    "id": "[variables('vpn-gw-ip-id')]"
                  },
                  "subnet": {
                    "id": "[variables('vpn-gw-subnet-id')]"
                  }
                }
              }
            ],
            "sku": {
              "name": "VpnGw1",
              "tier": "VpnGw1"
            },
            "gatewayType": "Vpn",
            "vpnType": "RouteBased",
            "enableBgp": false,
            "activeActive": false,
            "vpnGatewayGeneration": "Generation1"
          }
        },
        {
          "type": "Microsoft.Network/virtualNetworkGateways/providers/diagnosticSettings",
          "apiVersion": "2017-05-01-preview",
          "name": "[concat(variables('vpn-gw-name'), '/Microsoft.Insights/service')]",
          "location": "[variables('location')]",
          "condition": "[parameters('deployHub')]",
          "dependsOn": [
            "[variables('vpn-gw-name')]"
          ],
          "tags": {
            "component": "hub-shared-network-gateway"
          },
          "properties": {
            "storageAccountId": "[resourceId(variables('oms-workspace-resource-group'), 'Microsoft.Storage/storageAccounts', variables('diagnostic-storage-account-name'))]",
            "workspaceId": "[resourceId(variables('oms-workspace-resource-group'), 'Microsoft.OperationalInsights/workspaces', variables('oms-workspace-name'))]",
            "logs": [
              {
                "category": "GatewayDiagnosticLog",
                "enabled": true,
                "retentionPolicy": {
                  "enabled": true,
                  "days": "[parameters('logsRetentionInDays')]"
                }
              },
              {
                "category": "TunnelDiagnosticLog",
                "enabled": true,
                "retentionPolicy": {
                  "enabled": true,
                  "days": "[parameters('logsRetentionInDays')]"
                }
              },
              {
                "category": "RouteDiagnosticLog",
                "enabled": true,
                "retentionPolicy": {
                  "enabled": true,
                  "days": "[parameters('logsRetentionInDays')]"
                }
              },
              {
                "category": "IKEDiagnosticLog",
                "enabled": true,
                "retentionPolicy": {
                  "enabled": true,
                  "days": "[parameters('logsRetentionInDays')]"
                }
              },
              {
                "category": "P2SDiagnosticLog",
                "enabled": true,
                "retentionPolicy": {
                  "enabled": true,
                  "days": "[parameters('logsRetentionInDays')]"
                }
              }
            ],
            "metrics": [
              {
                "category": "AllMetrics",
                "timeGrain": null,
                "enabled": true,
                "retentionPolicy": {
                  "enabled": true,
                  "days": "[parameters('logsRetentionInDays')]"
                }
              }
            ]
          }
        },
        {
          "comments": "Local network gateways",
          "condition": "[parameters('deploy-local-gateway')]",
          "name": "[parameters('local-gateway-config')[copyIndex()].localGatewayName]",
          "type": "Microsoft.Network/localNetworkGateways",
          "apiVersion": "2019-11-01",
          "location": "[variables('location')]",
          "copy": {
            "name": "iterator",
            "count": "[variables('localGatewayCount')]"
          },
          "properties": {
            "localNetworkAddressSpace": {
              "addressPrefixes": [
                "[parameters('local-gateway-config')[copyIndex()].localAddressPrefix]"
              ]
            },
            "gatewayIpAddress": "[parameters('local-gateway-config')[copyIndex()].localGatewayIpAddress]"
          }
        },
        {
          "comments": "Deploy connection",
          "condition": "[parameters('deploy-local-gateway')]",
          "name": "[parameters('local-gateway-config')[copyIndex()].localGatewayName]",
          "type": "Microsoft.Network/connections",
          "apiVersion": "2019-11-01",
          "location": "[variables('location')]",
          "copy": {
            "name": "iterator",
            "count": "[variables('localGatewayCount')]"
          },
          "tags": {
            "name": "az-zt"
          },
          "dependsOn": [
            "[resourceId('Microsoft.Network/virtualNetworkGateways', variables('vpn-gw-name'))]",
            "[resourceId('Microsoft.Network/localNetworkGateways', parameters('local-gateway-config')[copyIndex()].localGatewayName)]"
          ],
          "properties": {
            "virtualNetworkGateway1": {
              "id": "[resourceId('Microsoft.Network/virtualNetworkGateways', variables('vpn-gw-name'))]"
            },
            "localNetworkGateway2": {
              "id": "[resourceId('Microsoft.Network/localNetworkGateways', parameters('local-gateway-config')[copyIndex()].localGatewayName)]"
            },
            "connectionType": "IPsec",
            "routingWeight": 10,
            "sharedKey": "[parameters('local-gateway-config')[copyIndex()].sharedKey]"
          }
        }
      ],
      "outputs": {}
    },
    "resourceGroup": "HubResourceGroup",
    "parameters": {
      "namePrefix": {
        "value": "[parameters('namePrefix')]"
      },
      "hubName": {
        "value": "[parameters('hubName')]"
      },
      "logsRetentionInDays": {
        "value": "[parameters('logsRetentionInDays')]"
      },
      "deploy-local-gateway": {
        "value": "[parameters('deploy-local-gateway')]"
      },
      "local-gateway-config": {
        "value": "[parameters('local-gateway-config')]"
      },
      "deployHub": {
        "value": "[parameters('deployHub')]"
      }
    }
  }
}