{
  "kind": "template",
  "properties": {
    "displayName": "Azure Security Center template",
    "description": "Azure Security Center template.",
    "dependsOn": [
      "hub-shared-security-log"
    ],
    "template": {
      "$schema": "https://schema.management.azure.com/schemas/2018-05-01/subscriptionDeploymentTemplate.json#",
      "contentVersion": "1.0.0.1",
      "parameters": {
        "namePrefix": {
          "type": "string",
          "metadata": {
            "displayName": "Resource Group and Resource name prefix",
            "description": "Resource Group and Resource identifier. String to be used as prefix to all Resource Group and Resource names."
          }
        },
        "hubName": {
          "type": "string",
          "defaultValue": "hub-shared",
          "metadata": {
            "displayName": "Hub Shared name",
            "description": "Hub Shared name."
          }
        },
        "logsRetentionInDays": {
          "type": "int",
          "defaultValue": 365,
          "minValue": 0,
          "maxValue": 365,
          "metadata": {
            "displayName": "Log retention in days",
            "description": "Specifies the number of days that logs will be kept for; a value of 0 will retain data indefinitely"
          }
        },
        "deployHub": {
          "type": "bool",
          "defaultValue": true,
          "metadata": {
            "displayName": "Deploy Hub",
            "description": "Deploy Hub."
          }
        }
      },
      "variables": {
        "deployment-prefix": "[toLower(concat(parameters('namePrefix'), '-', parameters('hubName')))]",
        "unique-string": "[uniqueString(subscription().id, concat(variables('deployment-prefix')))]",
        "diagnostic-storage-account-prefix": "[concat(replace(variables('deployment-prefix'), '-', ''), 'diag')]",
        "diagnostic-storage-account-name": "[toLower(substring(replace(concat(variables('diagnostic-storage-account-prefix'), variables('unique-string'), variables('unique-string')), '-', ''), 0, 23) )]",
        "oms-workspace-name": "[concat(variables('deployment-prefix'), '-log')]",
        "oms-workspace-resource-group": "[concat(variables('deployment-prefix'), '-rg')]",
        "oms-workspace-subscription-id": "[subscription().subscriptionId]",
        "pricing": "Standard"
      },
      "resources": [
        {
          "type": "Microsoft.Insights/diagnosticSettings",
          "apiVersion": "2017-05-01-preview",
          "name": "service",
          "condition": "[parameters('deployHub')]",
          "dependsOn": [],
          "tags": {
            "component": "hub-security-center"
          },
          "properties": {
            "storageAccountId": "[concat('/subscriptions/', variables('oms-workspace-subscription-id'), '/resourceGroups/', variables('oms-workspace-resource-group'), '/providers/Microsoft.Storage/storageAccounts/', variables('diagnostic-storage-account-name'))]",
            "workspaceId": "[concat('/subscriptions/', variables('oms-workspace-subscription-id'), '/resourceGroups/', variables('oms-workspace-resource-group'), '/providers/Microsoft.OperationalInsights/workspaces/', variables('oms-workspace-name'))]",
            "logs": [
              {
                "category": "Administrative",
                "enabled": true,
                "retentionPolicy": {
                  "enabled": true,
                  "days": "[parameters('logsRetentionInDays')]"
                }
              },
              {
                "category": "Alert",
                "enabled": true,
                "retentionPolicy": {
                  "enabled": true,
                  "days": "[parameters('logsRetentionInDays')]"
                }
              },
              {
                "category": "Autoscale",
                "enabled": true,
                "retentionPolicy": {
                  "enabled": true,
                  "days": "[parameters('logsRetentionInDays')]"
                }
              },
              {
                "category": "Policy",
                "enabled": true,
                "retentionPolicy": {
                  "enabled": true,
                  "days": "[parameters('logsRetentionInDays')]"
                }
              },
              {
                "category": "Recommendation",
                "enabled": true,
                "retentionPolicy": {
                  "enabled": true,
                  "days": "[parameters('logsRetentionInDays')]"
                }
              },
              {
                "category": "ResourceHealth",
                "enabled": true,
                "retentionPolicy": {
                  "enabled": true,
                  "days": "[parameters('logsRetentionInDays')]"
                }
              },
              {
                "category": "Security",
                "enabled": true,
                "retentionPolicy": {
                  "enabled": true,
                  "days": "[parameters('logsRetentionInDays')]"
                }
              },
              {
                "category": "ServiceHealth",
                "enabled": true,
                "retentionPolicy": {
                  "enabled": true,
                  "days": "[parameters('logsRetentionInDays')]"
                }
              }
            ]
          }
        },
        {
          "type": "Microsoft.Security/pricings",
          "apiVersion": "2017-08-01-preview",
          "name": "default",
          "condition": "[parameters('deployHub')]",
          "tags": {
            "tagName": "hub-security-center"
          },
          "properties": {
            "pricingTier": "[variables('pricing')]"
          }
        },
        {
          "type": "Microsoft.Security/pricings",
          "apiVersion": "2018-06-01",
          "name": "StorageAccounts",
          "condition": "[parameters('deployHub')]",
          "dependsOn": [
            "[concat('Microsoft.Security/pricings/default')]"
          ],
          "tags": {
            "component": "hub-security-center"
          },
          "properties": {
            "pricingTier": "[variables('pricing')]"
          }
        },
        {
          "type": "Microsoft.Security/pricings",
          "apiVersion": "2018-06-01",
          "name": "SqlServers",
          "condition": "[parameters('deployHub')]",
          "dependsOn": [
            "[concat('Microsoft.Security/pricings/StorageAccounts')]"
          ],
          "tags": {
            "component": "hub-security-center"
          },
          "properties": {
            "pricingTier": "[variables('pricing')]"
          }
        },
        {
          "type": "Microsoft.Security/pricings",
          "apiVersion": "2018-06-01",
          "name": "VirtualMachines",
          "condition": "[parameters('deployHub')]",
          "dependsOn": [
            "[concat('Microsoft.Security/pricings/SqlServers')]"
          ],
          "tags": {
            "component": "hub-security-center"
          },
          "properties": {
            "pricingTier": "[variables('pricing')]"
          }
        }
      ],
      "outputs": {}
    },
    "parameters": {
      "namePrefix": {
        "value": "[parameters('namePrefix')]"
      },
      "hubName": {
        "value": "[parameters('hubName')]"
      },
      "logsRetentionInDays": {
        "value": "[parameters('logsRetentionInDays')]"
      },
      "deployHub": {
        "value": "[parameters('deployHub')]"
      }
    }
  }
}