{
  "kind": "template",
  "properties": {
    "displayName": "Azure Bastion Host template",
    "description": "Azure Bastion Host template.",
    "dependsOn": [
      "hub-shared-security-log",
      "hub-shared-network-nsg",
      "hub-shared-network-vnet"
    ],
    "template": {
      "$schema": "https://schema.management.azure.com/schemas/2019-04-01/deploymentTemplate.json#",
      "contentVersion": "1.0.0.0",
      "parameters": {
        "namePrefix": {
          "type": "string",
          "metadata": {
            "displayName": "Resource Group and Resource name prefix",
            "description": "Resource Group and Resource identifier. String to be used as prefix to all Resource Group and Resource names."
          }
        },
        "hubName": {
          "type": "string",
          "defaultValue": "hub-shared",
          "metadata": {
            "displayName": "Hub Shared name",
            "description": "Hub Shared name."
          }
        },
        "logsRetentionInDays": {
          "type": "int",
          "defaultValue": 365,
          "minValue": 0,
          "maxValue": 365,
          "metadata": {
            "displayName": "Log retention in days",
            "description": "Specifies the number of days that logs will be kept for; a value of 0 will retain data indefinitely"
          }
        },
        "deployHub": {
          "type": "bool",
          "defaultValue": true,
          "metadata": {
            "displayName": "Deploy Hub",
            "description": "Deploy Hub."
          }
        }
      },
      "variables": {
        "location": "[resourceGroup().location]",
        "deployment-prefix": "[toLower(concat(parameters('namePrefix'), '-', parameters('hubName')))]",
        "oms-workspace-resource-group": "[concat(variables('deployment-prefix'), '-rg')]",
        "oms-workspace-name": "[concat(variables('deployment-prefix'), '-log')]",
        "vnet-resource-group": "[concat(variables('deployment-prefix'), '-rg')]",
        "unique-string": "[uniqueString(subscription().id, concat(variables('deployment-prefix')))]",
        "diagnostic-storage-account-prefix": "[concat(replace(variables('deployment-prefix'), '-', ''), 'diag')]",
        "diagnostic-storage-account-name": "[toLower(substring(replace(concat(variables('diagnostic-storage-account-prefix'), variables('unique-string'), variables('unique-string')), '-', ''), 0, 23) )]",
        "vnet-name": "[concat(variables('deployment-prefix'), '-vnet')]",
        "bastion-subnet-id": "[concat(resourceId(variables('vnet-resource-group'), 'Microsoft.Network/virtualNetworks', variables('vnet-name')) , '/subnets/AzureBastionSubnet')]",
        "bastion-ip-name": "[concat(variables('deployment-prefix'), '-bastion-ip')]",
        "bastion-ip-id": "[resourceId('Microsoft.Network/publicIPAddresses', variables('bastion-ip-name'))]",
        "bastion-name": "[concat(variables('deployment-prefix'), '-bastion')]"
      },
      "resources": [
        {
          "type": "Microsoft.Network/publicIPAddresses",
          "apiVersion": "2019-11-01",
          "name": "[variables('bastion-ip-name')]",
          "location": "[variables('location')]",
          "condition": "[parameters('deployHub')]",
          "sku": {
            "name": "Standard"
          },
          "tags": {
            "component": "hub-shared-network-bastion"
          },
          "properties": {
            "publicIPAllocationMethod": "Static",
            "publicIPAddressVersion": "IPv4"
          }
        },
        {
          "type": "Microsoft.Network/publicIPAddresses/providers/diagnosticSettings",
          "apiVersion": "2017-05-01-preview",
          "name": "[concat(variables('bastion-ip-name'), '/Microsoft.Insights/service')]",
          "location": "[variables('location')]",
          "condition": "[parameters('deployHub')]",
          "dependsOn": [
            "[variables('bastion-ip-name')]"
          ],
          "tags": {
            "component": "hub-shared-network-bastion"
          },
          "properties": {
            "storageAccountId": "[resourceId(variables('oms-workspace-resource-group'), 'Microsoft.Storage/storageAccounts', variables('diagnostic-storage-account-name'))]",
            "workspaceId": "[resourceId(variables('oms-workspace-resource-group'), 'Microsoft.OperationalInsights/workspaces', variables('oms-workspace-name'))]",
            "logs": [
              {
                "category": "DDoSProtectionNotifications",
                "enabled": true
              },
              {
                "category": "DDoSMitigationFlowLogs",
                "enabled": true
              },
              {
                "category": "DDoSMitigationReports",
                "enabled": true
              }
            ],
            "metrics": [
              {
                "category": "AllMetrics",
                "timeGrain": null,
                "enabled": true,
                "retentionPolicy": {
                  "enabled": true,
                  "days": "[parameters('logsRetentionInDays')]"
                }
              }
            ]
          }
        },
        {
          "type": "Microsoft.Network/bastionHosts",
          "apiVersion": "2020-05-01",
          "name": "[variables('bastion-name')]",
          "location": "[variables('location')]",
          "condition": "[parameters('deployHub')]",
          "dependsOn": [
            "[variables('bastion-ip-name')]"
          ],
          "tags": {
            "component": "hub-shared-network-bastion"
          },
          "properties": {
            "dnsName": "bst-10f100c2-b1c6-4110-93f8-41a2947e4c35.bastion.azure.com",
            "ipConfigurations": [
              {
                "name": "IpConf",
                "properties": {
                  "privateIPAllocationMethod": "Dynamic",
                  "publicIPAddress": {
                    "id": "[variables('bastion-ip-id')]"
                  },
                  "subnet": {
                    "id": "[variables('bastion-subnet-id')]"
                  }
                }
              }
            ]
          }
        },
        {
          "type": "Microsoft.Network/bastionHosts/providers/diagnosticSettings",
          "apiVersion": "2017-05-01-preview",
          "name": "[concat(variables('bastion-name'), '/Microsoft.Insights/service')]",
          "location": "[variables('location')]",
          "condition": "[parameters('deployHub')]",
          "dependsOn": [
            "[variables('bastion-name')]"
          ],
          "tags": {
            "component": "hub-shared-network-bastion"
          },
          "properties": {
            "storageAccountId": "[resourceId(variables('oms-workspace-resource-group'), 'Microsoft.Storage/storageAccounts', variables('diagnostic-storage-account-name'))]",
            "workspaceId": "[resourceId(variables('oms-workspace-resource-group'), 'Microsoft.OperationalInsights/workspaces', variables('oms-workspace-name'))]",
            "logs": [
              {
                "category": "BastionAuditLogs",
                "enabled": true,
                "retentionPolicy": {
                  "enabled": true,
                  "days": "[parameters('logsRetentionInDays')]"
                }
              }
            ]
          }
        }
      ],
      "outputs": {}
    },
    "resourceGroup": "HubResourceGroup",
    "parameters": {
      "namePrefix": {
        "value": "[parameters('namePrefix')]"
      },
      "hubName": {
        "value": "[parameters('hubName')]"
      },
      "logsRetentionInDays": {
        "value": "[parameters('logsRetentionInDays')]"
      },
      "deployHub": {
        "value": "[parameters('deployHub')]"
      }
    }
  }
}