{
  "kind": "template",
  "properties": {
    "displayName": "Azure Network Watcher template",
    "description": "Azure Network Watcher template.",
    "dependsOn": [],
    "template": {
      "$schema": "https://schema.management.azure.com/schemas/2019-04-01/deploymentTemplate.json#",
      "contentVersion": "1.0.0.0",
      "parameters": {
        "networkWatcherName": {
          "defaultValue": "[concat('NetworkWatcher_', parameters('networkWatcherLocation'))]",
          "type": "string",
          "metadata": {
            "displayName": "Network Watcher name",
            "description": "Name of the Network Watcher resource."
          }
        },
        "networkWatcherLocation": {
          "defaultValue": "[resourceGroup().location]",
          "type": "string",
          "metadata": {
            "displayName": "Network Watcher location",
            "description": "Location of the Network Watcher resource."
          }
        },
        "deployHub": {
          "type": "bool",
          "defaultValue": true,
          "metadata": {
            "displayName": "Deploy Hub",
            "description": "Deploy Hub."
          }
        }
      },
      "variables": {},
      "resources": [
        {
          "type": "Microsoft.Network/networkWatchers",
          "apiVersion": "2020-06-01",
          "name": "[parameters('networkWatcherName')]",
          "location": "[parameters('networkWatcherLocation')]",
          "condition": "[parameters('deployHub')]",
          "tags": {
            "component": "hub-shared-network-vnet"
          },
          "properties": {}
        }
      ],
      "outputs": {}
    },
    "resourceGroup": "NetworkWatcherResourceGroup",
    "parameters": {
      "networkWatcherName": {
        "value": "[parameters('networkWatcherName')]"
      },
      "networkWatcherLocation": {
        "value": "[parameters('networkWatcherLocation')]"
      },
      "deployHub": {
        "value": "[parameters('deployHub')]"
      }
    }
  }
}