{
  "kind": "template",
  "properties": {
    "displayName": "Azure Spoke Workload Virtual Network template",
    "description": "Azure Spoke Workload Virtual Network template.",
    "dependsOn": [
      "hub-shared-security-log",
      "hub-shared-network-nsg",
      "hub-shared-network-vnet",
      "hub-shared-network-firewall"
    ],
    "template": {
      "$schema": "https://schema.management.azure.com/schemas/2019-04-01/deploymentTemplate.json#",
      "contentVersion": "1.0.0.0",
      "parameters": {
        "namePrefix": {
          "type": "string",
          "metadata": {
            "displayName": "Resource Group and Resource name prefix",
            "description": "Resource Group and Resource identifier. String to be used as prefix to all Resource Group and Resource names."
          }
        },
        "hubSubscriptionId": {
          "type": "string",
          "defaultValue": "[subscription().subscriptionId]",
          "metadata": {
            "displayName": "Hub Subscription Id",
            "description": "Hub Subscription Id."
          }
        },
        "hubName": {
          "type": "string",
          "defaultValue": "hub-shared",
          "metadata": {
            "displayName": "Hub Shared name",
            "description": "Hub Shared name."
          }
        },
        "spokeName": {
          "type": "string",
          "defaultValue": "spoke-workload",
          "metadata": {
            "displayName": "Spoke Workload name",
            "description": "Spoke Workload name."
          }
        },
        "deploySpoke": {
          "type": "bool",
          "defaultValue": true,
          "metadata": {
            "displayName": "Deploy Spoke",
            "description": "Deploy Spoke."
          }
        },
        "spokeVnetAddressPrefix": {
          "type": "string",
          "defaultValue": "10.1.0.0/16",
          "metadata": {
            "displayName": "Virtual Network address prefix",
            "description": "Virtual Network address prefix."
          }
        },
        "spokeSubnetAddressPrefix": {
          "type": "string",
          "defaultValue": "10.1.0.0/24",
          "metadata": {
            "displayName": "Subnet address prefix",
            "description": "Subnet address prefix."
          }
        },
        "spokeOptionalSubnetNames": {
          "type": "array",
          "defaultValue": [],
          "metadata": {
            "displayName": "Optional subnet address names",
            "description": "Optional. An Array of subnet names to deploy to the Virtual Network. e.g \"subnet1\",\"subnet2\""
          }
        },
        "spokeOptionalSubnetPrefixes": {
          "type": "array",
          "defaultValue": [],
          "metadata": {
            "displayName": "Optional subnet address prefixes",
            "description": "Optional. An Array of IP Address Prefixes for subnets. e.g \"10.0.7.0/24\",\"10.0.8.0/24\" "
          }
        },
        "enableDdosProtection": {
          "type": "bool",
          "defaultValue": "true",
          "metadata": {
            "displayName": "Enable Virtual Network DDoS protection",
            "description": "Determines whether or not DDoS Protection is enabled in the Virtual Network."
          }
        },
        "logsRetentionInDays": {
          "type": "int",
          "defaultValue": 365,
          "minValue": 0,
          "maxValue": 365,
          "metadata": {
            "displayName": "Log retention in days",
            "description": "Specifies the number of days that logs will be kept for; a value of 0 will retain data indefinitely."
          }
        }
      },
      "variables": {
        "location": "[resourceGroup().location]",
        "hub-deployment-prefix": "[toLower(concat(parameters('namePrefix'), '-', parameters('hubName')))]",
        "hub-resource-group-name": "[concat(variables('hub-deployment-prefix'), '-rg')]",
        "hub-vnet-name": "[concat(variables('hub-deployment-prefix'), '-vnet')]",
        "hub-vnet-resource-id": "[resourceId(parameters('hubSubscriptionId'), variables('hub-resource-group-name'), 'Microsoft.Network/virtualNetworks', variables('hub-vnet-name'))]",
        "oms-workspace-name": "[concat(variables('hub-deployment-prefix'), '-log')]",
        "unique-string": "[uniqueString(concat('/subscriptions/', parameters('hubSubscriptionId')), concat(variables('hub-deployment-prefix')))]",
        "diagnostic-storage-account-prefix": "[concat(replace(variables('hub-deployment-prefix'), '-', ''), 'diag')]",
        "diagnostic-storage-account-name": "[toLower(substring(replace(concat(variables('diagnostic-storage-account-prefix'), variables('unique-string'), variables('unique-string')), '-', ''), 0, 23) )]",
        "ddos-protection-plan-name": "[concat(variables('hub-deployment-prefix'), '-ddos-plan')]",
        "ddos-protection-plan-id": {
          "id": "[resourceId(variables('hub-resource-group-name'), 'Microsoft.Network/ddosProtectionPlans', variables('ddos-protection-plan-name'))]"
        },
        "deployment-prefix": "[toLower(concat(parameters('namePrefix'), '-', parameters('spokeName')))]",
        "vnet-name": "[concat(variables('deployment-prefix'), '-vnet')]",
        "spoke-vnet-resource-id": "[resourceId(subscription().subscriptionId, resourceGroup().name, 'Microsoft.Network/virtualNetworks', variables('vnet-name'))]",
        "static-subnets": [
          {
            "name": "workload-subnet",
            "address-prefix": "[parameters('spokeSubnetAddressPrefix')]",
            "network-security-group": "workload-subnet",
            "user-defined-route": "default",
            "privateEndpointNetworkPolicies" : "Disabled",
            "service-endpoints": [
              {
                "service": "Microsoft.Sql"
              }
            ]
          }
        ],
        "copy": [
          {
            "name": "optional-subnets",
            "count": "[length(parameters('spokeOptionalSubnetNames'))]",
            "input": {
              "name": "[parameters('SpokeOptionalSubnetNames')[copyIndex('optional-subnets')]]",
              "address-prefix": "[parameters('spokeOptionalSubnetPrefixes')[copyIndex('optional-subnets')]]",
              "user-defined-route": "default",
              "network-security-group": "default-deny",
              "service-endpoints": []
            }
          }
        ],
        "subnets": "[union(variables('static-subnets'), variables('optional-subnets'))]"
      },
      "resources": [
        {
          "apiVersion": "2020-05-01",
          "type": "Microsoft.Network/virtualNetworks",
          "name": "[variables('vnet-name')]",
          "location": "[variables('location')]",
          "condition": "[parameters('deploySpoke')]",
          "tags": {
            "component": "spoke-workload-network-vnet"
          },
          "properties": {
            "addressSpace": {
              "addressPrefixes": [
                "[parameters('spokeVnetAddressPrefix')]"
              ]
            },
            "enableDdosProtection": "[parameters('enableDdosProtection')]",
            "ddosProtectionPlan": "[if(parameters('enableDdosProtection'), variables('ddos-protection-plan-id'), json('null'))]",
            "copy": [
              {
                "name": "subnets",
                "count": "[length(variables('subnets'))]",
                "input": {
                  "name": "[variables('subnets')[copyIndex('subnets')].name]",
                  "properties": {
                    "addressPrefix": "[variables('subnets')[copyIndex('subnets')]['address-prefix']]",
                    "networkSecurityGroup": "[if(equals(variables('subnets')[copyIndex('subnets')]['network-security-group'], ''), json('null'), json(concat('{\"id\": \"', resourceId(parameters('hubSubscriptionId'), variables('hub-resource-group-name'), 'Microsoft.Network/networkSecurityGroups', concat(variables('hub-deployment-prefix'), '-', variables('subnets')[copyIndex('subnets')]['network-security-group'], '-nsg')), '\"}')))]",
                    "routeTable": "[if(equals(variables('subnets')[copyIndex('subnets')]['user-defined-route'], ''), json('null'), json(concat('{\"id\": \"', resourceId(parameters('hubSubscriptionId'), variables('hub-resource-group-name'), 'Microsoft.Network/routeTables', concat(variables('hub-deployment-prefix'), '-', variables('subnets')[copyIndex('subnets')]['user-defined-route'], '-udr')), '\"}')))]",
                    "serviceEndpoints": "[if(equals(length(variables('subnets')[copyIndex('subnets')]['service-endpoints']), 0), json('null'), variables('subnets')[copyIndex('subnets')]['service-endpoints'])]",
                    "privateEndpointNetworkPolicies": "[if(equals(length(variables('subnets')[copyIndex('subnets')]['privateEndpointNetworkPolicies']), 0), json('null'), variables('subnets')[copyIndex('subnets')]['privateEndpointNetworkPolicies'])]"
                  }
                }
              }
            ]
          }
        },
        {
          "type": "Microsoft.Network/virtualNetworks/virtualNetworkPeerings",
          "apiVersion": "2020-05-01",
          "name": "[concat(variables('vnet-name'), '/', parameters('hubName'), '-peering')]",
          "condition": "[parameters('deploySpoke')]",
          "dependsOn": [
            "[variables('vnet-name')]"
          ],
          "properties": {
            "peeringState": "Connected",
            "remoteVirtualNetwork": {
              "id": "[variables('hub-vnet-resource-id')]"
            },
            "allowVirtualNetworkAccess": true,
            "allowForwardedTraffic": true,
            "allowGatewayTransit": false,
            "useRemoteGateways": true,
            "remoteAddressSpace": {
              "addressPrefixes": "[reference(variables('hub-vnet-resource-id'), '2020-05-01').addressSpace.addressPrefixes]"
            }
          }
        },
        {
          "type": "Microsoft.Network/virtualNetworks/providers/diagnosticSettings",
          "apiVersion": "2017-05-01-preview",
          "name": "[concat(variables('vnet-name'),'/Microsoft.Insights/service')]",
          "location": "[variables('location')]",
          "condition": "[parameters('deploySpoke')]",
          "dependsOn": [
            "[variables('vnet-name')]"
          ],
          "tags": {
            "component": "spoke-workload-network-vnet"
          },
          "properties": {
            "storageAccountId": "[resourceId(parameters('hubSubscriptionId'), variables('hub-resource-group-name'), 'Microsoft.Storage/storageAccounts', variables('diagnostic-storage-account-name'))]",
            "workspaceId": "[resourceId(parameters('hubSubscriptionId'), variables('hub-resource-group-name'), 'Microsoft.OperationalInsights/workspaces', variables('oms-workspace-name'))]",
            "logs": [
              {
                "category": "VMProtectionAlerts",
                "enabled": true,
                "retentionPolicy": {
                  "enabled": true,
                  "days": "[parameters('logsRetentionInDays')]"
                }
              }
            ],
            "metrics": [
              {
                "category": "AllMetrics",
                "timeGrain": null,
                "enabled": true,
                "retentionPolicy": {
                  "enabled": false,
                  "days": "[parameters('logsRetentionInDays')]"
                }
              }
            ]
          }
        },
        {
          "type": "Microsoft.Resources/deployments",
          "apiVersion": "2019-09-01",
          "name": "[concat('nested.vnet-peering-', variables('vnet-name'))]",
          "subscriptionId": "[parameters('hubSubscriptionId')]",
          "resourceGroup": "[variables('hub-resource-group-name')]",
          "condition": "[parameters('deploySpoke')]",
          "dependsOn": [
            "[resourceId('Microsoft.Network/virtualNetworks', variables('vnet-name'))]"
          ],
          "tags": {
            "component": "spoke-workload-network-vnet"
          },
          "properties": {
            "mode": "Incremental",
            "expressionEvaluationOptions": {
              "scope": "inner"
            },
            "template": {
              "$schema": "https://schema.management.azure.com/schemas/2019-04-01/deploymentTemplate.json#",
              "contentVersion": "1.0.0.0",
              "parameters": {
                "hub-vnet-name": {
                  "type": "String"
                },
                "deployment-prefix": {
                  "type": "string"
                },
                "spoke-vnet-resource-id": {
                  "type": "String"
                }
              },
              "variables": {},
              "resources": [
                {
                  "type": "Microsoft.Network/virtualNetworks/virtualNetworkPeerings",
                  "apiVersion": "2020-05-01",
                  "name": "[concat(parameters('hub-vnet-name'), '/', parameters('deployment-prefix'), '-peering')]",
                  "properties": {
                    "peeringState": "Connected",
                    "remoteVirtualNetwork": {
                      "id": "[parameters('spoke-vnet-resource-id')]"
                    },
                    "allowVirtualNetworkAccess": true,
                    "allowForwardedTraffic": true,
                    "allowGatewayTransit": true,
                    "useRemoteGateways": false,
                    "remoteAddressSpace": {
                      "addressPrefixes": "[reference(parameters('spoke-vnet-resource-id'), '2020-05-01').addressSpace.addressPrefixes]"
                    }
                  }
                }
              ]
            },
            "parameters": {
              "hub-vnet-name": {
                "value": "[variables('hub-vnet-name')]"
              },
              "deployment-prefix": {
                "value": "[variables('deployment-prefix')]"
              },
              "spoke-vnet-resource-id": {
                "value": "[variables('spoke-vnet-resource-id')]"
              }
            }
          }
        }
      ],
      "outputs": {}
    },
    "resourceGroup": "SpokeResourceGroup",
    "parameters": {
      "namePrefix": {
        "value": "[parameters('namePrefix')]"
      },
      "hubSubscriptionId": {
        "value": "[parameters('hubSubscriptionId')]"
      },
      "hubName": {
        "value": "[parameters('hubName')]"
      },
      "spokeName": {
        "value": "[parameters('spokeName')]"
      },
      "spokeVnetAddressPrefix": {
        "value": "[parameters('spoke-workload-network-vnet_spokeVnetAddressPrefix')]"
      },
      "spokeSubnetAddressPrefix": {
        "value": "[parameters('spoke-workload-network-vnet_spokeSubnetAddressPrefix')]"
      },
      "spokeOptionalSubnetNames": {
        "value": "[parameters('spoke-workload-network-vnet_spokeOptionalSubnetNames')]"
      },
      "spokeOptionalSubnetPrefixes": {
        "value": "[parameters('spoke-workload-network-vnet_spokeOptionalSubnetPrefixes')]"
      },
      "enableDdosProtection": {
        "value": "[parameters('enableDdosProtection')]"
      },
      "logsRetentionInDays": {
        "value": "[parameters('logsRetentionInDays')]"
      },
      "deploySpoke": {
        "value": "[parameters('deploySpoke')]"
      }
    }
  }
}