{
    "kind": "template",
    "properties": {
        "displayName": "Azure Virtual Machine template",
        "description": "Azure Virtual Machine template.",
        "dependsOn": [
            "hub-shared-security-log",
            "hub-shared-network-nsg",
            "hub-shared-network-vnet",
            "hub-shared-network-firewall",
            "spoke-workload-network-vnet",
            "spoke-worload-network-vnet-vm"
        ],
        "template": {
            "$schema": "https://schema.management.azure.com/schemas/2019-04-01/deploymentTemplate.json#",
            "contentVersion": "1.0.0.0",
            "parameters": {
                "namePrefix": {
                    "type": "string",
                    "metadata": {
                        "displayName": "Resource Group and Resource name prefix",
                        "description": "Resource Group and Resource identifier. String to be used as prefix to all Resource Group and Resource names."
                    }
                },
                "hubName": {
                    "type": "string",
                    "defaultValue": "hub-shared",
                    "metadata": {
                        "displayName": "Hub Shared name",
                        "description": "Hub Shared name."
                    }
                },
                "spokeName": {
                    "type": "string",
                    "defaultValue": "spoke-workload",
                    "metadata": {
                        "displayName": "Spoke Workload name",
                        "description": "Spoke Workload name."
                    }
                },
                "spokeSubnetAddressPrefix": {
                    "type": "string",
                    "defaultValue": "10.1.0.0/24",
                    "metadata": {
                        "displayName": "Subnet address prefix",
                        "description": "Subnet address prefix."
                    }
                },
                "deployDb": {
                    "type": "bool",
                    "defaultValue": true,
                    "metadata": {
                        "displayName": "Deploy db to spoke subnet",
                        "description": "Deploy db to spoke subnet"
                    }
                },
                "dbConfig": {
                    "type": "object",
                    "defaultValue": {
                        "dbname": "azureztsqldbkpmg1234",
                        "sku": {
                            "capacity": 4,
                            "family": "Gen5",
                            "name": "GP_Gen5_4",
                            "size": "",
                            "tier": "GeneralPurpose"
                        },
                        "dbVersion": "8.0",
                        "sslEnforcement": "Enabled",
                        "minimalTlsVersion": "TLS1_2",
                        "publicNetworkAccess": "Disabled",
                        "storageDetails": {
                            "backupRetentionDays": 7,
                            "geoRedundantBackup": "Disabled",
                            "storageMB": 102400
                        },
                        "virtualNetworkRuleName": "MySql-vNet-Rule",
                        "privateEndPointName": "zt-mysql-privateEndPoint"
                    },
                    "metadata": {
                        "displayName": "Details of the db to be deployed",
                        "description": "Details of the db to be deployed"
                    }
                },
                "username": {
                    "type": "string",
                    "defaultValue": "cloudadmin",
                    "metadata": {
                        "displayName": "Username for VM",
                        "description": "Username for VM"
                    }
                },
                "password": {
                    "type": "string",
                    "metadata": {
                        "displayName": "password for VM",
                        "description": "password for VM"
                    }
                }
            },
            "variables": {
                "location": "[resourceGroup().location]",
                "mySqlServerId": "[resourceId('Microsoft.DBforMySQL/servers', parameters('dbConfig').dbname)]",
                "mysqlPublicDNSZoneForwarder": ".mysql.database.azure.com",
                "mysqlPrivateDnsZoneName": "[concat('privatelink', variables('mysqlPublicDNSZoneForwarder'))]",
                "dbmysqlid": "[resourceId('Microsoft.DBforMySQL/servers', parameters('dbConfig').dbname)]",
                "mysqlPrivateDnsZoneId": "[resourceId('Microsoft.Network/privateDnsZones', variables('mysqlPrivateDnsZoneName'))]",
                "deployment-prefix": "[toLower(concat(parameters('namePrefix'), '-', parameters('spokeName')))]",
                "vnet-name": "[concat(variables('deployment-prefix'), '-vnet')]",
                "static-subnets": "workload-subnet",
                "mysqlPrivateEndpointGroupName": "mysqlServer",
                "mysqlPrivateDnsZoneGroupName": "[concat(parameters('dbConfig').privateEndPointName,'/', variables('mysqlPrivateEndpointGroupName'), 'PrivateDnsZoneGroup')]"
            },
            "resources": [
                {
                    "condition": "[parameters('deployDb')]",
                    "type": "Microsoft.DBforMySQL/servers",
                    "apiVersion": "2017-12-01",
                    "name": "[parameters('dbConfig').dbname]",
                    "location": "[variables('location')]",
                    "sku": {
                        "name": "[parameters('dbConfig').sku.name]",
                        "tier": "[parameters('dbConfig').sku.tier]",
                        "capacity": "[parameters('dbConfig').sku.capacity]",
                        "size": "[parameters('dbConfig').sku.size]",
                        "family": "[parameters('dbConfig').sku.family]"
                    },
                    "properties": {
                        "createMode": "Default",
                        "version": "[parameters('dbConfig').dbVersion]",
                        "administratorLogin": "[parameters('username')]",
                        "administratorLoginPassword": "[parameters('password')]",
                        "storageProfile": {
                            "storageMB": "[parameters('dbConfig').storageDetails.storageMB]",
                            "backupRetentionDays": "[parameters('dbConfig').storageDetails.backupRetentionDays]",
                            "geoRedundantBackup": "[parameters('dbConfig').storageDetails.geoRedundantBackup]"
                        },
                        "minimalTlsVersion": "[parameters('dbConfig').minimalTlsVersion]",
                        "publicNetworkAccess": "[parameters('dbConfig').publicNetworkAccess]",
                        "sslEnforcement": "[parameters('dbConfig').sslEnforcement]"
                    }
                },
                {
                    "comments": "Private end point for MySql",
                    "condition": "[parameters('deployDb')]",
                    "type": "Microsoft.Network/privateEndpoints",
                    "apiVersion": "2020-11-01",
                    "name": "[parameters('dbConfig').privateEndpointName]",
                    "location": "[variables('location')]",
                    "dependsOn": [
                        "[variables('mySqlServerId')]"
                    ],
                    "properties": {
                        "privateLinkServiceConnections": [
                            {
                                "name": "[parameters('dbConfig').privateEndpointName]",
                                "properties": {
                                    "privateLinkServiceId": "[variables('dbmysqlid')]",
                                    "groupIds": [
                                        "mysqlServer"
                                    ]
                                }
                            }
                        ],
                        "subnet": {
                            "id": "[concat(resourceId('Microsoft.Network/virtualNetworks',variables('vnet-name')),'/subnets/',variables('static-subnets'))]"
                        },
                        "customDnsConfigs": []
                    }
                },
                {
                    "comments": "Private DNS zones for mysql",
                    "condition": "[parameters('deployDb')]",
                    "type": "Microsoft.Network/privateDnsZones",
                    "apiVersion": "2018-09-01",
                    "name": "[variables('mysqlPrivateDnsZoneName')]",
                    "location": "global",
                    "properties": {
                        "maxNumberOfRecordSets": 25000,
                        "maxNumberOfVirtualNetworkLinks": 1000,
                        "maxNumberOfVirtualNetworkLinksWithRegistration": 100
                    }
                },
                {
                    "comments": "Private DNS zone group for mysql",
                    "condition": "[parameters('deployDb')]",
                    "type": "Microsoft.Network/privateEndpoints/privateDnsZoneGroups",
                    "apiVersion": "2020-03-01",
                    "name": "[variables('mysqlPrivateDnsZoneGroupName')]",
                    "location": "[variables('location')]",
                    "dependsOn": [
                        "[variables('mySqlServerId')]",
                        "[resourceId('Microsoft.Network/privateDnsZones',variables('mysqlPrivateDnsZoneName'))]",
                        "[resourceId('Microsoft.Network/privateEndpoints',parameters('dbConfig').privateEndpointName)]"
                    ],
                    "properties": {
                        "privateDnsZoneConfigs": [
                            {
                                "name": "dnsConfig",
                                "properties": {
                                    "privateDnsZoneId": "[variables('mysqlPrivateDnsZoneId')]"
                                }
                            }
                        ]
                    }
                },
            ],
            "outputs": {}
        },
        "resourceGroup": "SpokeResourceGroup",
        "parameters": {
            "namePrefix": {
                "value": "[parameters('namePrefix')]"
            },
            "hubName": {
                "value": "[parameters('hubName')]"
            },
            "spokeName": {
                "value": "[parameters('spokeName')]"
            },
            "deployDb": {
                "value": "[parameters('deployDb')]"
            },
            "dbConfig": {
                "value": "[parameters('dbConfig')]"
            },
            "username": {
                "value": "[parameters('username')]"
            },
            "password": {
                "value": "[parameters('password')]"
            }
        }
    }
}