{
    "kind": "template",
    "properties": {
        "displayName": "Azure Virtual Machine template",
        "description": "Azure Virtual Machine template.",
        "dependsOn": [
            "hub-shared-security-log",
            "hub-shared-network-nsg",
            "hub-shared-network-vnet",
            "hub-shared-network-firewall",
            "spoke-workload-network-vnet"
        ],
        "template": {
            "$schema": "https://schema.management.azure.com/schemas/2019-04-01/deploymentTemplate.json#",
            "contentVersion": "1.0.0.0",
            "parameters": {
                "namePrefix": {
                    "type": "string",
                    "metadata": {
                        "displayName": "Resource Group and Resource name prefix",
                        "description": "Resource Group and Resource identifier. String to be used as prefix to all Resource Group and Resource names."
                    }
                },
                "hubName": {
                    "type": "string",
                    "defaultValue": "hub-shared",
                    "metadata": {
                        "displayName": "Hub Shared name",
                        "description": "Hub Shared name."
                    }
                },
                "spokeName": {
                    "type": "string",
                    "defaultValue": "spoke-workload",
                    "metadata": {
                        "displayName": "Spoke Workload name",
                        "description": "Spoke Workload name."
                    }
                },
                "spokeSubnetAddressPrefix": {
                    "type": "string",
                    "defaultValue": "10.1.0.0/24",
                    "metadata": {
                        "displayName": "Subnet address prefix",
                        "description": "Subnet address prefix."
                    }
                },
                "deployVm": {
                    "type": "bool",
                    "defaultValue": true,
                    "metadata": {
                        "displayName": "Deploy VM to spoke subnet",
                        "description": "Deploy VM to spoke subnet"
                    }
                },
                "vmDetails": {
                    "type": "object",
                    "defaultValue": {
                        "vmName": "vm-zerotrust",
                        "vmSize": "Standard_DS1_v2",
                        "networkInterfaceName": "myVmNic",
                        "computerName": "",
                        "storageProfileSKU": "2019-Datacenter",
                        "storageSKU": "Standard_LRS"
                    },
                    "metadata": {
                        "displayName": "Details of the vm to be deployed",
                        "description": "Details of the vm to be deployed"
                    }
                },
                "username": {
                    "type": "string",
                    "defaultValue": "cloudadmin",
                    "metadata": {
                        "displayName": "Username for VM",
                        "description": "Username for VM"
                    }
                },
                "password": {
                    "type": "string",
                    "metadata": {
                        "displayName": "password for VM",
                        "description": "password for VM"
                    }
                }
            },
            "variables": {
                "location": "[resourceGroup().location]",
                "deployment-prefix": "[toLower(concat(parameters('namePrefix'), '-', parameters('spokeName')))]",
                "vnet-name": "[concat(variables('deployment-prefix'), '-vnet')]",
                "spoke-vnet-resource-id": "[resourceId(subscription().subscriptionId, resourceGroup().name, 'Microsoft.Network/virtualNetworks', variables('vnet-name'))]",
                "static-subnets": "workload-subnet"
            },
            "resources": [
                {
                    "condition": "[parameters('deployVm')]",
                    "comments": "Network interface for VM",
                    "type": "Microsoft.Network/networkInterfaces",
                    "apiVersion": "2021-02-01",
                    "name": "[parameters('vmDetails').networkInterfaceName]",
                    "location": "[variables('location')]",
                    "properties": {
                        "ipConfigurations": [
                            {
                                "name": "ipconfig1",
                                "properties": {
                                    "privateIPAllocationMethod": "Dynamic",
                                    "subnet": {
                                        "id": "[resourceId('Microsoft.Network/virtualNetworks/subnets', variables('vnet-name'), variables('static-subnets'))]"
                                    }
                                }
                            }
                        ]
                    }
                },
                {
                    "condition": "[parameters('deployVm')]",
                    "comments": "VM in spoke subnet",
                    "type": "Microsoft.Compute/virtualMachines",
                    "apiVersion": "2021-03-01",
                    "name": "[parameters('vmDetails').vmName]",
                    "location": "[variables('location')]",
                    "identity": {
                        "type": "systemAssigned"
                    },
                    "properties": {
                        "hardwareProfile": {
                            "vmSize": "[parameters('vmDetails').vmSize]"
                        },
                        "osProfile": {
                            "computerName": "[parameters('vmDetails').vmName]",
                            "adminUsername": "[parameters('username')]",
                            "adminPassword": "[parameters('password')]"
                        },
                        "storageProfile": {
                            "imageReference": {
                                "publisher": "MicrosoftWindowsServer",
                                "offer": "WindowsServer",
                                "sku": "[parameters('vmDetails').storageProfileSKU]",
                                "version": "latest"
                            },
                            "osDisk": {
                                "createOption": "FromImage",
                                "managedDisk": {
                                    "storageAccountType": "[parameters('vmDetails').storageSKU]"
                                }
                            },
                            "dataDisks": [
                                {
                                    "diskSizeGB": 1023,
                                    "lun": 0,
                                    "createOption": "Empty"
                                }
                            ]
                        },
                        "networkProfile": {
                            "networkInterfaces": [
                                {
                                    "id": "[resourceId('Microsoft.Network/networkInterfaces', parameters('vmDetails').networkInterfaceName)]"
                                }
                            ]
                        }
                    },
                    "dependsOn": [
                        "[resourceId('Microsoft.Network/networkInterfaces', parameters('vmDetails').networkInterfaceName)]"
                    ]
                }
            ],
            "outputs": {}
        },
        "resourceGroup": "SpokeResourceGroup",
        "parameters": {
            "namePrefix": {
                "value": "[parameters('namePrefix')]"
            },
            "hubName": {
                "value": "[parameters('hubName')]"
            },
            "spokeName": {
                "value": "[parameters('spokeName')]"
            },
            "deployVm": {
                "value": "[parameters('deployVm')]"
            },
            "vmDetails": {
                "value": "[parameters('vmDetails')]"
            },
            "username": {
                "value": "[parameters('username')]"
            },
            "password": {
                "value": "[parameters('password')]"
            }
        }
    }
}