[
  {
    "Business unit": "Insurance",
    "Designation": "Senior analyst",
    "postalZip": 21395,
    "region": "Texas",
    "city": "Austin",
    "Desired Role": "Bigtax_user"
  },
  {
    "Business unit": "Insurance",
    "Designation": "Director",
    "postalZip": 51087,
    "region": "Pennsylvania",
    "city": "Pittsburgh",
    "Desired Role": "Sonsing_admin"
  },
  {
    "Business unit": "Finance",
    "Designation": "Senior analyst",
    "postalZip": 90432,
    "region": "California",
    "city": "Los Angeles",
    "Desired Role": "Rank_user"
  }
]