{
  "columnAttributes": [
    {
      "name": "Business unit",
      "type": "String",
      "isFeature": true,
      "elementType": {
        "typeName": "str",
        "isNullable": false
      }
    },
    {
      "name": "Designation",
      "type": "String",
      "isFeature": true,
      "elementType": {
        "typeName": "str",
        "isNullable": false
      }
    },
    {
      "name": "postalZip",
      "type": "Numeric",
      "isFeature": true,
      "elementType": {
        "typeName": "int64",
        "isNullable": false
      }
    },
    {
      "name": "region",
      "type": "String",
      "isFeature": true,
      "elementType": {
        "typeName": "str",
        "isNullable": false
      }
    },
    {
      "name": "city",
      "type": "String",
      "isFeature": true,
      "elementType": {
        "typeName": "str",
        "isNullable": false
      }
    },
    {
      "name": "Desired Role",
      "type": "String",
      "isFeature": true,
      "elementType": {
        "typeName": "str",
        "isNullable": false
      }
    }
  ],
  "featureChannels": [],
  "labelColumns": {},
  "scoreColumns": {}
}