{
    "$schema": "https://schema.management.azure.com/schemas/2019-04-01/deploymentParameters.json#",
    "contentVersion": "1.0.0.0",
    "parameters": {
        "virtualNetworkName": {
            "value": "value"
        },
        "subnetName": {
            "value": "hub-subnet1"
        },
        "subnetPrefix":{
            "value": "10.0.1.0/24"
        },
        "securityGroupdetails": {
            "value": {
                "nsgName":"value",
                "nsgRules": [
                    {
                        "name": "SSH",
                        "properties": {
                            "description": "Allows SSH traffic",
                            "protocol": "Tcp",
                            "sourcePortRange": "*",
                            "destinationPortRange": "22",
                            "sourceAddressPrefix": "*",
                            "destinationAddressPrefix": "*",
                            "access": "Allow",
                            "priority": 100,
                            "direction": "Inbound"
                        }
                    }
                ]
            }
        }
    }
}