{
    "$schema": "https://schema.management.azure.com/schemas/2019-08-01/managementGroupDeploymentTemplate.json#",
    "contentVersion": "1.0.0.0",
    "parameters": {
        "virtualNetworkName": {
            "type": "string",
            "metadata": {
                "description": "description"
            }
        },
        "subnetName": {
            "type": "string",
            "metadata": {
                "description": "description"
            }
        },
        "securityGroupdetails": {
            "type": "object",
            "metadata": {
                "description": "description"
            }
        },
        "subnetPrefix": {
            "type": "string",
            "metadata": {
                "description": "description"
            }
        }
    },
    "functions": [],
    "variables": {},
    "resources": [
        {
            "name": "[parameters('securityGroupdetails').nsgName]",
            "type": "Microsoft.Network/networkSecurityGroups",
            "apiVersion": "2019-11-01",
            "location": "[resourceGroup().location]",
            "properties": {
                "securityRules": [
                    "[parameters('securityGroupdetails').nsgRules]"
                ]
            }
        },
        {
            "name": "nestedDeployment1",
            "type": "Microsoft.Resources/deployments",
            "apiVersion": "2020-10-01",
            "dependsOn": [
                "[resourceId('Microsoft.Network/networkSecurityGroups', parameters('securityGroupdetails').nsgName)]"
            ],
            "properties": {
                "expressionEvaluationOptions": {
                    "scope": "inner"
                },
                "mode": "Incremental",
                "parameters": {
                    "virtualNetworkName": {
                        "value": "[parameters('virtualNetworkName')]"
                    },
                    "subnetName": {
                        "value": "[parameters('subnetName')]"
                    },
                    "subnetPrefix": {
                        "value": "[parameters('subnetPrefix')]"
                    },
                    "securityGroupdetails": {
                        "value": "[parameters('securityGroupdetails')]"
                    }
                },
                "template": {
                    "$schema": "https://schema.management.azure.com/schemas/2019-04-01/deploymentTemplate.json#",
                    "contentVersion": "1.0.0.0",
                    "parameters": {
                        "virtualNetworkName": {
                            "type": "string"
                        },
                        "subnetName": {
                            "type": "string"
                        },
                        "subnetPrefix": {
                            "type": "string"
                        },
                        "securityGroupdetails": {
                            "type": "object"
                        }
                    },
                    "variables": {},
                    "resources": [
                        {
                            "apiVersion": "2019-06-01",
                            "type": "Microsoft.Network/virtualNetworks/subnets",
                            "name": "[concat(parameters('virtualNetworkName'), '/', parameters('subnetName'))]",
                            "location": "[resourceGroup().location]",
                            "properties": {
                                "addressPrefix": "[parameters('subnetPrefix')]",
                               "networkSecurityGroup": {
                                   "id": "[resourceId('Microsoft.Network/networkSecurityGroups', parameters('securityGroupdetails').nsgName)]"
                               }
                            }
                        }
                    ],
                    "outputs": {}
                }
            }
        }
    ],
    "outputs": {}
}