{
    "$schema": "https://schema.management.azure.com/schemas/2019-04-01/deploymentParameters.json#",
    "contentVersion": "1.0.0.0",
    "parameters": {
        "localgatewayDetails": {
            "value": [
                {
                    "name":"az-aws-localgateway1",
                    "remoteAddressPrefix":"", //AWS CIDR
                    "gatewayIp":"" //AWS VPG tunnel 1 IP
                },
                {
                    "name":"az-aws-localgateway2",
                    "remoteAddressPrefix":"", //AWS CIDR
                    "gatewayIp":"" //AWS VPG tunnel 1 IP
                }
            ]
        }
    }
}