{
    "$schema": "https://schema.management.azure.com/schemas/2019-08-01/managementGroupDeploymentTemplate.json#",
    "contentVersion": "1.0.0.0",
    "parameters": {
        "localgatewayDetails": {
            "type": "object",
            "metadata": {
                "description": "description"
            }
        },
        "location": {
            "type": "string",
            "metadata": {
                "description": "description"
            },
            "defaultValue": "[resourceGroup().location]"
        }
    },
    "functions": [],
    "variables": {
        "localgatewayCount": "[length(parameters('localgatewayDetails'))]"
    },
    "resources": [
        {
            "apiVersion": "2020-08-01",
            "type": "Microsoft.Network/localNetworkGateways",
            "name": "[parameters('localgatewayDetails')[copyIndex()].name]",
            "location": "[parameters('location')]",
            "properties": {
                "localNetworkAddressSpace": {
                    "addressPrefixes": [
                        "[parameters('localgatewayDetails')[copyIndex()].remoteAddressPrefix]"
                    ]
                },
                "gatewayIpAddress": "[parameters('localgatewayDetails')[copyIndex()].gatewayIp]"
            },
            "copy": {
                "name": "localgatewayco",
                "count": "[variables('localgatewayCount')]"
            }

        }
    ],
    "outputs": {}
}