{
    "$schema": "https://schema.management.azure.com/schemas/2019-04-01/deploymentTemplate.json#",
    "contentVersion": "1.0.0.0",
    "parameters": {
        "VNetSettings": {
            "type": "object"
        },
        "vpnGateway": {
            "type": "object"
        },
        "appGateway": {
            "type": "object"
        },
        "azureFirewall": {
            "type": "object"
        },
        "bastionHost": {
            "type": "object"
        }
    },
    "functions": [],
    "variables": {
        "spokeVnetCount": "[length(parameters('VNetSettings').spokes)]"
    },
    "resources": [
        {
            "comments": "Deploying the hub vnet",
            "name": "[parameters('VNetSettings').name]",
            "type": "Microsoft.Network/virtualNetworks",
            "apiVersion": "2019-11-01",
            "location": "[resourceGroup().location]",
            "tags": {
                "displayName": "[parameters('VNetSettings').name]"
            },
            "properties": {
                "addressSpace": {
                    "addressPrefixes": [
                        "[parameters('VNetSettings').addressPrefixes[0].addressPrefix]"
                    ]
                },
                "subnets": [                  
                ]
            }
        },
        {
            "comments": "Deployment of all spokes network",
            "name": "[parameters('VNetSettings').spokes[copyIndex()].name]",
            "type": "Microsoft.Network/virtualNetworks",
            "apiVersion": "2019-11-01",
            "location": "[resourceGroup().location]",
            "tags": {
                "displayName": "Test-Az"
            },
            "copy": {
                "name": "iterator",
                "count": "[variables('spokeVnetCount')]"
            },
            "properties": {
                "addressSpace": {
                    "addressPrefixes": "[parameters('VNetSettings').spokes[0].addressPrefixes.addressPrefix]"
                },
                "subnets": [
                ]
            }
        },
        {
            "comments": "Peering from hub to spokes",
            "apiVersion": "2020-11-01",
            "type": "Microsoft.Network/virtualNetworks/virtualNetworkPeerings",
            "name": "[concat(parameters('VNetSettings').name,'/',concat(parameters('VNetSettings').name,'-to-',parameters('VNetSettings').spokes[copyIndex()].name))]",
            "location": "[resourceGroup().location]",
            "copy": {
                "name": "iterator",
                "count": "[variables('spokeVnetCount')]"
            },
            "dependsOn": [
                "[resourceId('Microsoft.Network/virtualNetworks', parameters('VNetSettings').name)]",
                "[resourceId('Microsoft.Network/virtualNetworks', parameters('VNetSettings').spokes[copyIndex()].name)]"
            ],
            "properties": {
                "allowVirtualNetworkAccess": true,
                "allowForwardedTraffic": false,
                "allowGatewayTransit": false,
                "remoteVirtualNetwork": {
                    "id": "[resourceId('Microsoft.Network/virtualNetworks', parameters('VNetSettings').spokes[copyIndex()].name)]"
                }
            }
        },
        {
            "comments": "Peering from spoke to hub",
            "apiVersion": "2020-11-01",
            "type": "Microsoft.Network/virtualNetworks/virtualNetworkPeerings",
            "name": "[concat(parameters('VNetSettings').spokes[copyIndex()].name,'/',concat(parameters('VNetSettings').spokes[copyIndex()].name,'-to-',parameters('VNetSettings').name))]",
            "location": "[resourceGroup().location]",
            "copy": {
                "name": "iterator",
                "count": "[variables('spokeVnetCount')]"
            },
            "dependsOn": [
                "[resourceId('Microsoft.Network/virtualNetworks', parameters('VNetSettings').name)]",
                "[resourceId('Microsoft.Network/virtualNetworks', parameters('VNetSettings').spokes[copyIndex()].name)]"
            ],
            "properties": {
                "allowVirtualNetworkAccess": true,
                "allowForwardedTraffic": false,
                "allowGatewayTransit": false,
                "remoteVirtualNetwork": {
                    "id": "[resourceId('Microsoft.Network/virtualNetworks', parameters('VNetSettings').name)]"
                }
            }
        }
    ],
    "outputs": {
        "Hub-Vnet": {
            "type": "string",
            "value": "[reference(resourceId('Microsoft.Network/virtualNetworks', parameters('VNetSettings').name)).resourceGuid]"
        }
    }
}