{
    "$schema": "https://schema.management.azure.com/schemas/2019-04-01/deploymentParameters.json#",
    "contentVersion": "1.0.0.0",
    "parameters": {
        "VNetSettings": {
            "value": {
                "name": "hub-vnet",
                "ddosProtectionPlanEnabled": true,
                "ddosProtectionPlanName": "hub-DDOS",
                "addressPrefixes": {
                    "name": "firstPrefix",
                    "addressPrefix": "10.0.0.0/16"
                },
                "subnets": [
                    {
                        "name": "firstSubnet",
                        "addressPrefix": "10.0.1.0/24"
                    },
                    {
                        "name": "secondSubnet",
                        "addressPrefix": "10.0.2.0/24"
                    }
                ],
                "spokes": [
                    {
                        "name": "spoke1-vnet",
                        "addressPrefixes": {
                            "name": "firstPrefix",
                            "addressPrefix": "20.0.0.0/16"
                        },
                        "subnets": [
                            {
                                "name": "firstSubnet",
                                "addressPrefix": "20.0.1.0/24",
                                "subnetNsgName": "nsg-spoke-one-resources1"
                            },
                            {
                                "name": "secondSubnet",
                                "addressPrefix": "20.0.2.0/24",
                                "subnetNsgName": "nsg-spoke-one-resources2"
                            }
                        ]
                    },
                    {
                        "name": "spoke2-vnet",
                        "addressPrefixes": {
                            "addressPrefix": "30.0.0.0/16"
                        },
                        "subnets": [
                            {
                                "name": "firstSubnet",
                                "addressPrefix": "30.0.1.0/24",
                                "subnetNsgName": "nsg-spoke-two-resources1"
                            },
                            {
                                "name": "secondSubnet",
                                "addressPrefix": "30.0.2.0/24",
                                "subnetNsgName": "nsg-spoke-two-resources"
                            }
                        ]
                    }
                ]
            }
        },
        "vpnGateway": {
            "value": {
                "deployVpnGateway": true,
                "name": "vgw-gateway",
                "subnetName": "GatewaySubnet",
                "subnetPrefix": "10.0.2.0/27",
                "pipName": "pip-vgw-gateway",
                "connection": [
                    {
                        "name": "Azure-to-AWS-tunnel1",
                        "localGatewayIpAddress": "3.18.65.255",
                        "sharedKey": "D2U.3389qetUaBqUVDoEQzOIq_V_tQBS",
                        "localAddressPrefix": "10.16.0.0/16",
                        "localGatewayName": "local-gateway",
                        "vpnType": "RouteBased",
                        "gatewaySku": "Basic",
                        "networkSecurityGroupName": "default-NSG"
                    },
                    {
                        "name": "Azure-to-AWS-tunnel2",
                        "localGatewayIpAddress": "3.18.65.255",
                        "sharedKey": "D2U.3389qetUaBqUVDoEQzOIq_V_tQBS",
                        "localAddressPrefix": "10.16.0.0/16",
                        "localGatewayName": "local-gateway",
                        "vpnType": "RouteBased",
                        "gatewaySku": "Basic",
                        "networkSecurityGroupName": "default-NSG"
                    }
                ],
                "connectionSecurityGroup": [
                    {
                        "name": "default-allow-22",
                        "properties": {
                            "priority": 1000,
                            "access": "Allow",
                            "direction": "Inbound",
                            "destinationPortRange": "22",
                            "protocol": "Tcp",
                            "sourceAddressPrefix": "*",
                            "sourcePortRange": "*",
                            "destinationAddressPrefix": "*"
                        }
                    },
                    {
                        "name": "default-allow-rdp",
                        "properties": {
                            "priority": 1010,
                            "access": "Allow",
                            "direction": "Inbound",
                            "destinationPortRange": "3389",
                            "protocol": "Tcp",
                            "sourceAddressPrefix": "*",
                            "sourcePortRange": "*",
                            "destinationAddressPrefix": "*"
                        }
                    }
                ]
            }
        },
        "appGateway": {
            "value": {
                "deployAppGateway": true,
                "name": "app-gateway",
                "subnetName": "app-gateway-subnet",
                "subnetPrefix": "10.0.10.0/27",
                "applicationGatewaySize": "Standard_Small",
                "applicationGatewayInstanceCount": 1,
                "frontendPort": 80,
                "backendPort": 80,
                "cookieBasedAffinity": "Disabled",
                "backendIPAddresses": [
                    {
                        "IpAddress": "10.0.0.7"
                    },
                    {
                        "IpAddress": "10.0.0.8"
                    },
                    {
                        "IpAddress": "10.0.0.9"
                    }
                ]
            }
        },
        "azureFirewall": {
            "value": {
                "deployAzureFirewall": true,
                "name": "AzureFirewall",
                "publicIPAddressName": "pip-firewall",
                "subnetName": "AzureFirewallSubnet",
                "subnetPrefix": "10.0.3.0/26",
                "routeName": "r-nexthop-to-fw"
            }
        },
        "bastionHost": {
            "value": {
                "name": "AzureBastionHost",
                "publicIPAddressName": "pip-bastion",
                "subnetName": "AzureBastionSubnet",
                "nsgName": "nsg-hub-bastion",
                "subnetPrefix": "10.0.1.0/29",
                "connectionSecurityGroup": [
                    {
                        "name": "bastion-in-allow",
                        "properties": {
                            "protocol": "Tcp",
                            "sourcePortRange": "*",
                            "sourceAddressPrefix": "Internet",
                            "destinationPortRange": "443",
                            "destinationAddressPrefix": "*",
                            "access": "Allow",
                            "priority": 100,
                            "direction": "Inbound"
                        }
                    },
                    {
                        "name": "bastion-control-in-allow",
                        "properties": {
                            "protocol": "Tcp",
                            "sourcePortRange": "*",
                            "sourceAddressPrefix": "GatewayManager",
                            "destinationPortRange": "443",
                            "destinationAddressPrefix": "*",
                            "access": "Allow",
                            "priority": 120,
                            "direction": "Inbound"
                        }
                    },
                    {
                        "name": "bastion-in-host",
                        "properties": {
                            "protocol": "*",
                            "sourcePortRange": "*",
                            "destinationPortRanges": [
                                "8080",
                                "5701"
                            ],
                            "sourceAddressPrefix": "VirtualNetwork",
                            "destinationAddressPrefix": "VirtualNetwork",
                            "access": "Allow",
                            "priority": 130,
                            "direction": "Inbound"
                        }
                    },
                    {
                        "name": "bastion-vnet-out-allow",
                        "properties": {
                            "protocol": "Tcp",
                            "sourcePortRange": "*",
                            "sourceAddressPrefix": "*",
                            "destinationPortRanges": [
                                "22",
                                "3389"
                            ],
                            "destinationAddressPrefix": "VirtualNetwork",
                            "access": "Allow",
                            "priority": 100,
                            "direction": "Outbound"
                        }
                    },
                    {
                        "name": "bastion-azure-out-allow",
                        "properties": {
                            "protocol": "Tcp",
                            "sourcePortRange": "*",
                            "sourceAddressPrefix": "*",
                            "destinationPortRange": "443",
                            "destinationAddressPrefix": "AzureCloud",
                            "access": "Allow",
                            "priority": 120,
                            "direction": "Outbound"
                        }
                    },
                    {
                        "name": "bastion-out-host",
                        "properties": {
                            "protocol": "*",
                            "sourcePortRange": "*",
                            "destinationPortRanges": [
                                "8080",
                                "5701"
                            ],
                            "sourceAddressPrefix": "VirtualNetwork",
                            "destinationAddressPrefix": "VirtualNetwork",
                            "access": "Allow",
                            "priority": 130,
                            "direction": "Outbound"
                        }
                    },
                    {
                        "name": "bastion-out-deny",
                        "properties": {
                            "protocol": "*",
                            "sourcePortRange": "*",
                            "destinationPortRange": "*",
                            "sourceAddressPrefix": "*",
                            "destinationAddressPrefix": "*",
                            "access": "Deny",
                            "priority": 1000,
                            "direction": "Outbound"
                        }
                    }
                ]
            }
        }
    }
}