{
    "$schema": "https://schema.management.azure.com/schemas/2019-04-01/deploymentParameters.json#",
    "contentVersion": "1.0.0.0",
    "parameters": {
        "hubNetwork": {
            "value": {
                "name": "vnet-hub",
                "addressPrefix": "10.0.0.0/20"
            }
        },
        "spokeNetwork": {
            "value": {
                "name": "vnet-spoke-one",
                "addressPrefix": "10.100.0.0/16",
                "subnetName": "snet-spoke-resources",
                "subnetPrefix": "10.100.0.0/16",
                "subnetNsgName": "nsg-spoke-one-resources"
            }
        },
        "spokeNetworkTwo": {
            "value": {
                "name": "vnet-spoke-two",
                "addressPrefix": "10.200.0.0/16",
                "subnetName": "snet-spoke-resources",
                "subnetPrefix": "10.200.0.0/16",
                "subnetNsgName": "nsg-spoke-two-resources"
            }
        }
    }
}