{
    "$schema": "https://schema.management.azure.com/schemas/2019-04-01/deploymentTemplate.json#",
    "contentVersion": "1.0.0.0",
    "parameters": {
        "hubNetwork": {
            "type": "object"
        },
        "spokeNetwork": {
            "type": "object"
        },
        "spokeNetworkTwo": {
            "type": "object"
        }
    },
    "functions": [],
    "variables": {
        "peering-name-hub-to-spoke-one": "hub-to-spoke-one",
        "peering-name-hub-to-spoke-two": "hub-to-spoke-two",
        "peering-name-spoke-to-hub-one": "spoke-one-to-hub",
        "peering-name-spoke-to-hub-two": "spoke-two-to-hub"
    },
    "resources": [
        {
            "name": "[parameters('hubNetwork').name]",
            "type": "Microsoft.Network/virtualNetworks",
            "apiVersion": "2019-11-01",
            "location": "[resourceGroup().location]",
            "properties": {
                "addressSpace": {
                    "addressPrefixes": [
                        "[parameters('hubNetwork').addressPrefix]"
                    ]
                },
                "subnets": [
                    {
                        "name": "Subnet-1",
                        "properties": {
                            "addressPrefix": "10.0.0.0/24"
                        }
                    }
                ]
            }
        },
        {
            "name": "[parameters('spokeNetwork').name]",
            "type": "Microsoft.Network/virtualNetworks",
            "apiVersion": "2019-11-01",
            "location": "[resourceGroup().location]",
            "dependsOn": [
                "[resourceId('Microsoft.Network/networkSecurityGroups',parameters('spokeNetwork').subnetNsgName)]"
            ],
            "tags": {
                "displayName": "[parameters('spokeNetwork').name]"
            },
            "properties": {
                "addressSpace": {
                    "addressPrefixes": [
                        "[parameters('spokeNetwork').addressPrefix]"
                    ]
                },
                "subnets": [
                    {
                        "name": "[parameters('spokeNetwork').subnetName]",
                        "properties": {
                            "addressPrefix": "[parameters('spokeNetwork').subnetPrefix]",
                            "networkSecurityGroup": {
                                "id": "[resourceId('Microsoft.Network/networkSecurityGroups', parameters('spokeNetwork').subnetNsgName)]"
                            }
                        }
                    }
                ]
            }
        },
        {
            "name": "[parameters('spokeNetwork').subnetNsgName]",
            "type": "Microsoft.Network/networkSecurityGroups",
            "apiVersion": "2019-11-01",
            "location": "[resourceGroup().location]",
            "properties": {
                "securityRules": [
                    {
                        "name": "DenyAllInbound",
                        "properties": {
                            "description": "Deny all inbound access",
                            "protocol": "Tcp",
                            "sourcePortRange": "*",
                            "destinationPortRange": "*",
                            "sourceAddressPrefix": "*",
                            "destinationAddressPrefix": "*",
                            "access": "Deny",
                            "priority": 100,
                            "direction": "Inbound"
                        }
                    }
                ]
            }
        },
        {
            "name": "[parameters('spokeNetworkTwo').name]",
            "type": "Microsoft.Network/virtualNetworks",
            "apiVersion": "2019-11-01",
            "location": "[resourceGroup().location]",
            "dependsOn": [
                "[resourceId('Microsoft.Network/networkSecurityGroups',parameters('spokeNetworkTwo').subnetNsgName)]"
            ],
            "tags": {
                "displayName": "[parameters('spokeNetworkTwo').name]"
            },
            "properties": {
                "addressSpace": {
                    "addressPrefixes": [
                        "[parameters('spokeNetworkTwo').addressPrefix]"
                    ]
                },
                "subnets": [
                    {
                        "name": "[parameters('spokeNetworkTwo').subnetName]",
                        "properties": {
                            "addressPrefix": "[parameters('spokeNetworkTwo').subnetPrefix]",
                            "networkSecurityGroup": {
                                "id": "[resourceId('Microsoft.Network/networkSecurityGroups',parameters('spokeNetworkTwo').subnetNsgName)]"
                            }
                        }
                    }
                ]
            }
        },
        {
            "name": "[parameters('spokeNetworkTwo').subnetNsgName]",
            "type": "Microsoft.Network/networkSecurityGroups",
            "apiVersion": "2019-11-01",
            "location": "[resourceGroup().location]",
            "properties": {
                "securityRules": [
                    {
                        "name": "DenyAllInbound",
                        "properties": {
                            "description": "Deny all inbound access",
                            "protocol": "Tcp",
                            "sourcePortRange": "*",
                            "destinationPortRange": "*",
                            "sourceAddressPrefix": "*",
                            "destinationAddressPrefix": "*",
                            "access": "Deny",
                            "priority": 100,
                            "direction": "Inbound"
                        }
                    }
                ]
            }
        },
        {
            "name": "[concat(parameters('hubNetwork').name, '/', variables('peering-name-hub-to-spoke-one'))]",
            "type": "Microsoft.Network/virtualNetworks/virtualNetworkPeerings",
            "apiVersion": "2019-11-01",
            "location": "[resourceGroup().location]",
            "dependsOn": [
                "[resourceId('Microsoft.Network/virtualNetworks',parameters('hubNetwork').name)]",
                "[resourceId('Microsoft.Network/virtualNetworks',parameters('spokeNetwork').name)]"
            ],
            "properties": {
                "allowVirtualNetworkAccess": true,
                "allowForwardedTraffic": false,
                "allowGatewayTransit": false,
                "useRemoteGateways": false,
                "remoteVirtualNetwork": {
                    "id": "[resourceId('Microsoft.Network/virtualNetworks',parameters('spokeNetwork').name)]"
                }
            }
        },
        {
            "name": "[concat(parameters('hubNetwork').name, '/', variables('peering-name-hub-to-spoke-two'))]",
            "type": "Microsoft.Network/virtualNetworks/virtualNetworkPeerings",
            "apiVersion": "2019-11-01",
            "location": "[resourceGroup().location]",
            "dependsOn": [
                "[resourceId('Microsoft.Network/virtualNetworks', parameters('hubNetwork').name)]",
                "[resourceId('Microsoft.Network/virtualNetworks', parameters('spokeNetwork').name)]"
            ],
            "properties": {
                "allowVirtualNetworkAccess": true,
                "allowForwardedTraffic": false,
                "allowGatewayTransit": false,
                "useRemoteGateways": false,
                "remoteVirtualNetwork": {
                    "id": "[resourceId('Microsoft.Network/virtualNetworks',parameters('spokeNetworkTwo').name)]"
                }
            }
        }
    ],
    "outputs": {}
}