{
    "$schema": "https://schema.management.azure.com/schemas/2019-08-01/managementGroupDeploymentTemplate.json#",
    "contentVersion": "1.0.0.0",
    "parameters": {
        "vnetDetails": {
            "type": "object",
            "metadata": {
                "description": "Details of Vnet"
            }
        }
    },
    "functions": [],
    "variables": {},
    "resources": [
        {
            "name": "[parameters('vnetDetails').name]",
            "type": "Microsoft.Network/virtualNetworks",
            "apiVersion": "2020-11-01",
            "location": "[resourceGroup().location]",
            "tags": {
                "name": "azurezt"
            },
            "properties": {
                "addressSpace": {
                    "addressPrefixes": [
                        "[parameters('vnetDetails').addressprefix]"
                    ]
                },
                "subnets": [
                ]
            }
        }
    ],
    "outputs": {
        "vnetName": {
            "type": "string",
            "value": "[reference(resourceId('Microsoft.Network/virtualNetworks',parameters('vnetDetails').name)).id]"
        }
    }
}