{
    "$schema": "https://schema.management.azure.com/schemas/2019-08-01/managementGroupDeploymentTemplate.json#",
    "contentVersion": "1.0.0.0",
    "parameters": {
        "existingHubVirtualnetworkName": {
            "type": "string",
            "metadata": {
                "description": "description"
            }
        },
        "existingSpokeVirtualnetworkName": {
            "type": "string",
            "metadata": {
                "description": "description"
            }
        },
        "location": {
            "type": "string",
            "defaultValue": "[resourceGroup().location]",
            "metadata": {
                "description": "Location for all resources."
            }
        }
    },
    "functions": [],
    "variables": {},
    "resources": [
        {
            "apiVersion": "2019-11-01",
            "type": "Microsoft.Network/virtualNetworks/virtualNetworkPeerings",
            "name": "[concat(parameters('existingHubVirtualnetworkName'), '/hub-to-spoke-vnet')]",
            "location": "[parameters('location')]",
            "properties": {
                "allowVirtualNetworkAccess": true,
                "allowForwardedTraffic": false,
                "allowGatewayTransit": false,
                "useRemoteGateways": false,
                "remoteVirtualNetwork": {
                    "id": "[resourceId(parameters('existingSpokeVirtualnetworkName'), 'Microsoft.Network/virtualNetworks', parameters('existingRemoteVirtualNetworkName'))]"
                }
            }
        },
        {
            "apiVersion": "2019-11-01",
            "type": "Microsoft.Network/virtualNetworks/virtualNetworkPeerings",
            "name": "[concat(parameters('existingSpokeVirtualnetworkName'), '/spoke-to-hub-vnet')]",
            "location": "[parameters('location')]",
            "properties": {
                "allowVirtualNetworkAccess": true,
                "allowForwardedTraffic": false,
                "allowGatewayTransit": false,
                "useRemoteGateways": false,
                "remoteVirtualNetwork": {
                    "id": "[resourceId(parameters('existingHubVirtualnetworkName'), 'Microsoft.Network/virtualNetworks', parameters('existingRemoteVirtualNetworkName'))]"
                }
            }
        }
    ],
    "outputs": {}
}