{
    "$schema": "https://schema.management.azure.com/schemas/2019-08-01/managementGroupDeploymentTemplate.json#",
    "contentVersion": "1.0.0.0",
    "parameters": {
        "vNetName": {
            "type": "string",
            "defaultValue": "Vnet1"
        },
        "subnet": {
            "type": "object",
            "defaultValue": {
                "count": 2,
                "subnetnamePrefix": "subnet"

            }
        }
    },
    "functions": [],
    "variables": {

    },
    "resources": [
        {
            "name": "[parameters('vNetName')]",
            "type": "Microsoft.Network/virtualNetworks",
            "apiVersion": "2019-11-01",
            "location": "[resourceGroup().location]",
            "properties": {
                "addressSpace": {
                    "addressPrefixes": [
                        "10.0.0.0/16"
                    ]
                }
            }
        },
        {
            "name": "[concat(parameters('vNetName'),'/',concat(parameters('subnet').subnetnamePrefix,copyIndex()))]",
            "type": "Microsoft.Network/virtualNetworks/subnets",
            "apiVersion": "2019-11-01",
            "location": "[resourceGroup().location]",
            "dependsOn": [
                "[resourceId('Microsoft.Network/virtualNetworks',parameters('vNetName'))]"
            ],
            "properties": {
                "addressSpace": {
                    "addressPrefixes": [
                        "[parameters(concat(parameters('subnet').subnetnamePrefix,copyIndex()))]"
                    ]
                }
            },
            "copy": {
                "name": "subnetCopy",
                "count": "[parameters(concat(parameters('subnet').subnetnamePrefix,copyIndex()))]"
            }
        }
    ],
    "outputs": {}
}
