{
    "$schema": "https://schema.management.azure.com/schemas/2019-04-01/deploymentParameters.json#",
    "contentVersion": "1.0.0.0",
    "parameters": {
        "deployVpnGateway": {
            "value": false
        },
        "hubNetwork": {
            "value": {
                "name": "vnet-hub",
                "addressPrefix": "10.0.0.0/20"
            }
        },
        "spokeNetwork": {
            "value": {
                "name": "vnet-spoke-one",
                "addressPrefix": "10.100.0.0/16",
                "subnetName": "snet-spoke-resources",
                "subnetPrefix": "10.100.0.0/16",
                "subnetNsgName": "nsg-spoke-one-resources"
            }
        },
        "spokeNetworkTwo": {
            "value": {
                "name": "vnet-spoke-two",
                "addressPrefix": "10.200.0.0/16",
                "subnetName": "snet-spoke-resources",
                "subnetCount": 2,
                "snet-spoke-resources1": {
                    "subnetPrefix": "10.200.0.0/16",
                    "subnetNsgName": "nsg-spoke-two-resources"
                },
                "snet-spoke-resources2": {
                    "subnetPrefix": "10.200.0.0/16",
                    "subnetNsgName": "nsg-spoke-two-resources"
                }
            }
        },
        "vpnGateway": {
            "value": {
                "name": "vgw-gateway",
                "subnetName": "GatewaySubnet",
                "subnetPrefix": "10.0.2.0/27",
                "pipName": "pip-vgw-gateway"
            }
        },
        "bastionHost": {
            "value": {
                "name": "AzureBastionHost",
                "publicIPAddressName": "pip-bastion",
                "subnetName": "AzureBastionSubnet",
                "nsgName": "nsg-hub-bastion",
                "subnetPrefix": "10.0.1.0/29"
            }
        },
        "azureFirewall": {
            "value": {
                "name": "AzureFirewall",
                "publicIPAddressName": "pip-firewall",
                "subnetName": "AzureFirewallSubnet",
                "subnetPrefix": "10.0.3.0/26",
                "routeName": "r-nexthop-to-fw"
            }
        },
        "location": {
            "value": ""
        }
    }
}