{
    "$schema": "https://schema.management.azure.com/schemas/2019-04-01/deploymentTemplate.json#",
    "contentVersion": "1.0.0.0",
    "parameters": {
        "deployVpnGateway": {
            "type": "bool",
            "defaultValue": false
        },
        "hubNetwork": {
            "type": "object"
        },
        "spokeNetwork": {
            "type": "object"
        },
        "spokeNetworkTwo": {
            "type": "object"
        },
        "vpnGateway": {
            "type": "object"
        },
        "bastionHost": {
            "type": "object"
        },
        "azureFirewall": {
            "type": "object"
        },
        "location": {
            "type": "string",
            "defaultValue": "[resourceGroup().location]"
        }
    },
    "variables": {
        "peering-name-hub-to-spoke-one": "hub-to-spoke-one",
        "peering-name-hub-to-spoke-two": "hub-to-spoke-two",
        "peering-name-spoke-to-hub-one": "spoke-one-to-hub",
        "peering-name-spoke-to-hub-two": "spoke-two-to-hub"
    },
    "resources": [
        {
            "comments": "Hub virtual network",
            "type": "Microsoft.Network/virtualNetworks",
            "apiVersion": "2020-05-01",
            "name": "[parameters('hubNetwork').name]",
            "location": "[parameters('location')]",
            "properties": {
                "addressSpace": {
                    "addressPrefixes": [
                        "[parameters('hubNetwork').addressPrefix]"
                    ]
                },
                "subnets": [
                    {
                        "name": "[parameters('azureFirewall').subnetName]",
                        "properties": {
                            "addressPrefix": "[parameters('azureFirewall').subnetPrefix]"
                        }
                    },
                    {
                        "name": "[parameters('bastionHost').subnetName]",
                        "properties": {
                            "addressPrefix": "[parameters('bastionHost').subnetPrefix]"
                        }
                    },
                    {
                        "name": "[parameters('vpnGateway').subnetName]",
                        "properties": {
                            "addressPrefix": "[parameters('vpnGateway').subnetPrefix]"
                        }
                    }
                ]
            }
        },
        {
            "comments": "Subnet for Azure Firewall",
            "type": "Microsoft.Network/virtualNetworks/subnets",
            "apiVersion": "2020-05-01",
            "name": "[concat(parameters('hubNetwork').name, '/', parameters('azureFirewall').subnetName)]",
            "dependsOn": [
                "[resourceId('Microsoft.Network/virtualNetworks', parameters('hubNetwork').name)]"
            ],
            "properties": {
                "addressPrefix": "[parameters('azureFirewall').subnetPrefix]"
            }
        },
        {
            "comments": "Public IP address for Azure Firewall",
            "apiVersion": "2019-11-01",
            "type": "Microsoft.Network/publicIPAddresses",
            "name": "[parameters('azureFirewall').publicIPAddressName]",
            "location": "[parameters('location')]",
            "sku": {
                "name": "Standard"
            },
            "properties": {
                "publicIPAllocationMethod": "Static"
            }
        },
        {
            "comments": "Azure Firewall",
            "type": "Microsoft.Network/azureFirewalls",
            "apiVersion": "2020-05-01",
            "name": "[parameters('azureFirewall').name]",
            "location": "[parameters('location')]",
            "dependsOn": [
                "[resourceId('Microsoft.Network/virtualNetworks', parameters('hubNetwork').name)]",
                "[resourceId('Microsoft.Network/publicIPAddresses', parameters('azureFirewall').publicIPAddressName)]"
            ],
            "properties": {
                "sku": {
                    "name": "AZFW_VNet",
                    "tier": "Standard"
                },
                "threatIntelMode": "Alert",
                "additionalProperties": {},
                "ipConfigurations": [
                    {
                        "name": "[parameters('azureFirewall').name]",
                        "properties": {
                            "publicIPAddress": {
                                "id": "[resourceId('Microsoft.Network/publicIPAddresses', parameters('azureFirewall').publicIPAddressName)]"
                            },
                            "subnet": {
                                "id": "[resourceId('Microsoft.Network/virtualNetworks/subnets', parameters('hubNetwork').name, parameters('azureFirewall').subnetName)]"
                            }
                        }
                    }
                ]
            }
        },
        {
            "comments": "Route / force tunnel from spokes to Azure firewall",
            "type": "Microsoft.Network/routeTables",
            "apiVersion": "2020-05-01",
            "name": "[parameters('azureFirewall').routeName]",
            "location": "[parameters('location')]",
            "dependsOn": [
                "[resourceId('Microsoft.Network/azureFirewalls', parameters('azureFirewall').name)]"
            ],
            "properties": {
                "disableBgpRoutePropagation": false,
                "routes": [
                    {
                        "name": "[parameters('azureFirewall').routeName]",
                        "properties": {
                            "addressPrefix": "0.0.0.0/0",
                            "nextHopType": "VirtualAppliance",
                            "nextHopIpAddress": "[reference(resourceId('Microsoft.Network/azureFirewalls', parameters('azureFirewall').name), '2020-05-01').ipConfigurations[0].properties.privateIpAddress]"
                        }
                    }
                ]
            }
        },
        {
            "comments": "Network security group",
            "type": "Microsoft.Network/networkSecurityGroups",
            "apiVersion": "2019-11-01",
            "name": "[parameters('spokeNetwork').subnetNsgName]",
            "location": "[parameters('location')]",
            "properties": {
                "securityRules": [
                    {
                        "name": "bastion-in-vnet",
                        "properties": {
                            "protocol": "Tcp",
                            "sourcePortRange": "*",
                            "sourceAddressPrefix": "[parameters('bastionHost').subnetPrefix]",
                            "destinationPortRanges": [
                                "22",
                                "3389"
                            ],
                            "destinationAddressPrefix": "*",
                            "access": "Allow",
                            "priority": 100,
                            "direction": "Inbound"
                        }
                    },
                    {
                        "name": "DenyAllInBound",
                        "properties": {
                            "protocol": "Tcp",
                            "sourcePortRange": "*",
                            "sourceAddressPrefix": "*",
                            "destinationPortRange": "*",
                            "destinationAddressPrefix": "*",
                            "access": "Deny",
                            "priority": 1000,
                            "direction": "Inbound"
                        }
                    }
                ]
            }
        },
        {
            "comments": "Spoke virtual network, subnet",
            "type": "Microsoft.Network/virtualNetworks",
            "apiVersion": "2020-05-01",
            "name": "[parameters('spokeNetwork').name]",
            "location": "[parameters('location')]",
            "dependsOn": [
                "[resourceId('Microsoft.Network/networkSecurityGroups', parameters('spokeNetwork').subnetNsgName)]",
                "[resourceId('Microsoft.Network/routeTables', parameters('azureFirewall').routeName)]"
            ],
            "properties": {
                "addressSpace": {
                    "addressPrefixes": [
                        "[parameters('spokeNetwork').addressPrefix]"
                    ]
                },
                "subnets": [
                    {
                        "name": "[parameters('spokeNetwork').subnetName]",
                        "properties": {
                            "addressPrefix": "[parameters('spokeNetwork').subnetPrefix]",
                            "networkSecurityGroup": {
                                "id": "[resourceId('Microsoft.Network/networkSecurityGroups', parameters('spokeNetwork').subnetNsgName)]"
                            },
                            "routeTable": {
                                "id": "[resourceId('Microsoft.Network/routeTables', parameters('azureFirewall').routeName)]"
                            }
                        }
                    }
                ]
            }
        },
        {
            "comments": "Network security group + rules for spoke network",
            "type": "Microsoft.Network/networkSecurityGroups",
            "apiVersion": "2019-11-01",
            "name": "[parameters('spokeNetworkTwo').subnetNsgName]",
            "location": "[parameters('location')]",
            "properties": {
                "securityRules": [
                    {
                        "name": "bastion-in-vnet",
                        "properties": {
                            "protocol": "Tcp",
                            "sourcePortRange": "*",
                            "sourceAddressPrefix": "[parameters('bastionHost').subnetPrefix]",
                            "destinationPortRanges": [
                                "22",
                                "3389"
                            ],
                            "destinationAddressPrefix": "*",
                            "access": "Allow",
                            "priority": 100,
                            "direction": "Inbound"
                        }
                    },
                    {
                        "name": "DenyAllInBound",
                        "properties": {
                            "protocol": "Tcp",
                            "sourcePortRange": "*",
                            "sourceAddressPrefix": "*",
                            "destinationPortRange": "*",
                            "destinationAddressPrefix": "*",
                            "access": "Deny",
                            "priority": 1000,
                            "direction": "Inbound"
                        }
                    }
                ]
            }
        },
        {
            "comments": "Spoke virtual network, subnet",
            "type": "Microsoft.Network/virtualNetworks",
            "apiVersion": "2020-05-01",
            "name": "[parameters('spokeNetworkTwo').name]",
            "location": "[parameters('location')]",
            "dependsOn": [
                "[resourceId('Microsoft.Network/networkSecurityGroups', parameters('spokeNetworkTwo').subnetNsgName)]",
                "[resourceId('Microsoft.Network/routeTables', parameters('azureFirewall').routeName)]"
            ],
            "properties": {
                "addressSpace": {
                    "addressPrefixes": [
                        "[parameters('spokeNetworkTwo').addressPrefix]"
                    ]
                },
                "subnets": [
                    {
                        "name": "[parameters('spokeNetworkTwo').subnetName]",
                        "properties": {
                            "addressPrefix": "[parameters('spokeNetworkTwo').subnetPrefix]",
                            "serviceEndpoints": [
                                {
                                    "service": ""
                                }
                            ]
                            "networkSecurityGroup": {
                                "id": "[resourceId('Microsoft.Network/networkSecurityGroups', parameters('spokeNetworkTwo').subnetNsgName)]"
                            },
                            "routeTable": {
                                "id": "[resourceId('Microsoft.Network/routeTables', parameters('azureFirewall').routeName)]"
                            }
                        }
                    }
                ]
            },
        },
        {
            "comments": "Virtual network peering hub to spoke one",
            "type": "Microsoft.Network/virtualNetworks/virtualNetworkPeerings",
            "apiVersion": "2020-05-01",
            "name": "[concat(parameters('hubNetwork').name, '/', variables('peering-name-hub-to-spoke-one'))]",
            "location": "[parameters('location')]",
            "dependsOn": [
                "[resourceId('Microsoft.Network/virtualNetworks', parameters('hubNetwork').name)]",
                "[resourceId('Microsoft.Network/virtualNetworks', parameters('spokeNetwork').name)]"
            ],
            "properties": {
                "allowVirtualNetworkAccess": true,
                "allowForwardedTraffic": false,
                "allowGatewayTransit": false,
                "useRemoteGateways": false,
                "remoteVirtualNetwork": {
                    "id": "[resourceId('Microsoft.Network/virtualNetworks', parameters('spokeNetwork').name)]"
                }
            }
        },
        {
            "comments": "Virtual network peering hub to spoke two",
            "type": "Microsoft.Network/virtualNetworks/virtualNetworkPeerings",
            "apiVersion": "2020-05-01",
            "name": "[concat(parameters('hubNetwork').name, '/', variables('peering-name-hub-to-spoke-two'))]",
            "location": "[parameters('location')]",
            "dependsOn": [
                "[resourceId('Microsoft.Network/virtualNetworks', parameters('hubNetwork').name)]",
                "[resourceId('Microsoft.Network/virtualNetworks', parameters('spokeNetworkTwo').name)]"
            ],
            "properties": {
                "allowVirtualNetworkAccess": true,
                "allowForwardedTraffic": false,
                "allowGatewayTransit": false,
                "useRemoteGateways": false,
                "remoteVirtualNetwork": {
                    "id": "[resourceId('Microsoft.Network/virtualNetworks', parameters('spokeNetworkTwo').name)]"
                }
            }
        },
        {
            "comments": "Virtual network peering spoke one to hub",
            "type": "Microsoft.Network/virtualNetworks/virtualNetworkPeerings",
            "apiVersion": "2020-05-01",
            "name": "[concat(parameters('spokeNetwork').name, '/', variables('peering-name-spoke-to-hub-one'))]",
            "location": "[parameters('location')]",
            "dependsOn": [
                "[resourceId('Microsoft.Network/virtualNetworks', parameters('hubNetwork').name)]",
                "[resourceId('Microsoft.Network/virtualNetworks', parameters('spokeNetwork').name)]"
            ],
            "properties": {
                "allowVirtualNetworkAccess": true,
                "allowForwardedTraffic": false,
                "allowGatewayTransit": false,
                "useRemoteGateways": false,
                "remoteVirtualNetwork": {
                    "id": "[resourceId('Microsoft.Network/virtualNetworks', parameters('hubNetwork').name)]"
                }
            }
        },
        {
            "comments": "Virtual network peering spoke two to hub",
            "type": "Microsoft.Network/virtualNetworks/virtualNetworkPeerings",
            "apiVersion": "2020-05-01",
            "name": "[concat(parameters('spokeNetworkTwo').name, '/', variables('peering-name-spoke-to-hub-two'))]",
            "location": "[parameters('location')]",
            "dependsOn": [
                "[resourceId('Microsoft.Network/virtualNetworks', parameters('hubNetwork').name)]",
                "[resourceId('Microsoft.Network/virtualNetworks', parameters('spokeNetworkTwo').name)]"
            ],
            "properties": {
                "allowVirtualNetworkAccess": true,
                "allowForwardedTraffic": false,
                "allowGatewayTransit": false,
                "useRemoteGateways": false,
                "remoteVirtualNetwork": {
                    "id": "[resourceId('Microsoft.Network/virtualNetworks', parameters('hubNetwork').name)]"
                }
            }
        },
        {
            "comments": "Public IP address for Bastion",
            "type": "Microsoft.Network/publicIpAddresses",
            "apiVersion": "2020-05-01",
            "name": "[parameters('bastionHost').publicIPAddressName]",
            "location": "[parameters('location')]",
            "sku": {
                "name": "Standard"
            },
            "properties": {
                "publicIPAllocationMethod": "Static"
            }
        },
        {
            "comments": "Network security group, rules for Bastion + diagnostic configuration",
            "type": "Microsoft.Network/networkSecurityGroups",
            "apiVersion": "2019-11-01",
            "name": "[parameters('bastionHost').nsgName]",
            "location": "[parameters('location')]",
            "properties": {
                "securityRules": [
                    {
                        "name": "bastion-in-allow",
                        "properties": {
                            "protocol": "Tcp",
                            "sourcePortRange": "*",
                            "sourceAddressPrefix": "Internet",
                            "destinationPortRange": "443",
                            "destinationAddressPrefix": "*",
                            "access": "Allow",
                            "priority": 100,
                            "direction": "Inbound"
                        }
                    },
                    {
                        "name": "bastion-control-in-allow",
                        "properties": {
                            "protocol": "Tcp",
                            "sourcePortRange": "*",
                            "sourceAddressPrefix": "GatewayManager",
                            "destinationPortRange": "443",
                            "destinationAddressPrefix": "*",
                            "access": "Allow",
                            "priority": 120,
                            "direction": "Inbound"
                        }
                    },
                    {
                        "name": "bastion-in-host",
                        "properties": {
                            "protocol": "*",
                            "sourcePortRange": "*",
                            "destinationPortRanges": [
                                "8080",
                                "5701"
                            ],
                            "sourceAddressPrefix": "VirtualNetwork",
                            "destinationAddressPrefix": "VirtualNetwork",
                            "access": "Allow",
                            "priority": 130,
                            "direction": "Inbound"
                        }
                    },
                    {
                        "name": "bastion-vnet-out-allow",
                        "properties": {
                            "protocol": "Tcp",
                            "sourcePortRange": "*",
                            "sourceAddressPrefix": "*",
                            "destinationPortRanges": [
                                "22",
                                "3389"
                            ],
                            "destinationAddressPrefix": "VirtualNetwork",
                            "access": "Allow",
                            "priority": 100,
                            "direction": "Outbound"
                        }
                    },
                    {
                        "name": "bastion-azure-out-allow",
                        "properties": {
                            "protocol": "Tcp",
                            "sourcePortRange": "*",
                            "sourceAddressPrefix": "*",
                            "destinationPortRange": "443",
                            "destinationAddressPrefix": "AzureCloud",
                            "access": "Allow",
                            "priority": 120,
                            "direction": "Outbound"
                        }
                    },
                    {
                        "name": "bastion-out-host",
                        "properties": {
                            "protocol": "*",
                            "sourcePortRange": "*",
                            "destinationPortRanges": [
                                "8080",
                                "5701"
                            ],
                            "sourceAddressPrefix": "VirtualNetwork",
                            "destinationAddressPrefix": "VirtualNetwork",
                            "access": "Allow",
                            "priority": 130,
                            "direction": "Outbound"
                        }
                    },
                    {
                        "name": "bastion-out-deny",
                        "properties": {
                            "protocol": "*",
                            "sourcePortRange": "*",
                            "destinationPortRange": "*",
                            "sourceAddressPrefix": "*",
                            "destinationAddressPrefix": "*",
                            "access": "Deny",
                            "priority": 1000,
                            "direction": "Outbound"
                        }
                    }
                ]
            }
        },
        {
            "comments": "Subnet for Bastion",
            "type": "Microsoft.Network/virtualNetworks/subnets",
            "apiVersion": "2020-05-01",
            "name": "[concat(parameters('hubNetwork').name, '/', parameters('bastionHost').subnetName)]",
            "dependsOn": [
                "[resourceId('Microsoft.Network/networkSecurityGroups', parameters('bastionHost').nsgName)]",
                "[resourceId('Microsoft.Network/virtualNetworks', parameters('hubNetwork').name)]"
            ],
            "properties": {
                "addressPrefix": "[parameters('bastionHost').subnetPrefix]",
                "networkSecurityGroup": {
                    "id": "[resourceId('Microsoft.Network/networkSecurityGroups', parameters('bastionHost').nsgName)]"
                }
            }
        },
        {
            "comments": "Azure Bastion and diagnostic configuration",
            "type": "Microsoft.Network/bastionHosts",
            "apiVersion": "2020-06-01",
            "name": "[parameters('bastionHost').name]",
            "location": "[parameters('location')]",
            "dependsOn": [
                "[resourceId('Microsoft.Network/virtualNetworks', parameters('hubNetwork').name)]",
                "[resourceId('Microsoft.Network/publicIpAddresses', parameters('bastionHost').publicIPAddressName)]"
            ],
            "properties": {
                "ipConfigurations": [
                    {
                        "name": "IpConf",
                        "properties": {
                            "subnet": {
                                "id": "[resourceId('Microsoft.Network/virtualNetworks/subnets', parameters('hubNetwork').name, parameters('bastionHost').subnetName)]"
                            },
                            "publicIPAddress": {
                                "id": "[resourceId('Microsoft.Network/publicIpAddresses', parameters('bastionHost').publicIPAddressName)]"
                            }
                        }
                    }
                ]
            }
        },
        {
            "comments": "Public IP address for VPN Gateway",
            "condition": "[parameters('deployVpnGateway')]",
            "type": "Microsoft.Network/publicIPAddresses",
            "apiVersion": "2019-11-01",
            "name": "[parameters('vpnGateway').pipName]",
            "location": "[parameters('location')]",
            "properties": {
                "publicIPAllocationMethod": "Dynamic"
            }
        },
        {
            "comments": "VPN Gateway and diagnostic configuration (optional)",
            "condition": "[parameters('deployVpnGateway')]",
            "type": "Microsoft.Network/virtualNetworkGateways",
            "apiVersion": "2019-11-01",
            "name": "[parameters('vpnGateway').name]",
            "location": "[parameters('location')]",
            "dependsOn": [
                "[resourceId('Microsoft.Network/virtualNetworks', parameters('hubNetwork').name)]",
                "[resourceId('Microsoft.Network/publicIPAddresses', parameters('vpnGateway').pipName)]"
            ],
            "properties": {
                "ipConfigurations": [
                    {
                        "properties": {
                            "privateIPAllocationMethod": "Dynamic",
                            "subnet": {
                                "id": "[resourceId('Microsoft.Network/virtualNetworks/subnets', parameters('hubNetwork').name, parameters('vpnGateway').subnetName)]"
                            },
                            "publicIPAddress": {
                                "id": "[resourceId('Microsoft.Network/publicIPAddresses', parameters('vpnGateway').pipName)]"
                            }
                        },
                        "name": "vnetGatewayConfig"
                    }
                ],
                "sku": {
                    "name": "Basic",
                    "tier": "Basic"
                },
                "gatewayType": "Vpn",
                "vpnType": "RouteBased",
                "enableBgp": false
            }
        }
    ]
}