{
  "properties": {
    "displayName": "Azure Zero Trust Architecture",
    "description": "Deploys and configures Azure infrastructure and policies mapped to Zero Trust Architecture.",
    "targetScope": "subscription",
    "parameters": {
      "namePrefix": {
        "type": "string",
        "metadata": {
          "displayName": "Resource Group and Resource name prefix",
          "description": "Resource Group and Resource identifier. String to be used as prefix to all Resource Group and Resource names."
        }
      },
      "hubName": {
        "type": "string",
        "metadata": {
          "displayName": "Hub name",
          "description": "Name of the Hub."
        },
        "defaultValue": "hub-shared"
      },
      "hubLocation": {
        "type": "string",
        "metadata": {
          "displayName": "Hub Location",
          "description": "Hub Resource Group Location.",
          "strongType": "location"
        }
      },
      "hubSubscriptionId": {
        "type": "string",
        "metadata": {
          "displayName": "Hub Subscription Id",
          "description": "Hub Subscription Id."
        },
        "defaultValue": "[subscription().subscriptionId]"
      },
      "deployHub": {
        "type": "bool",
        "metadata": {
          "displayName": "Deploy Hub",
          "description": "Deploy Hub."
        },
        "defaultValue": true
      },
      "spokeName": {
        "type": "string",
        "metadata": {
          "displayName": "Spoke name",
          "description": "Name of the Spoke."
        },
        "defaultValue": "spoke-workload"
      },
      "deploySpoke": {
        "type": "bool",
        "metadata": {
          "displayName": "Deploy Spoke",
          "description": "Deploy Spoke."
        },
        "defaultValue": true
      },
      "hub-shared-security-log_serviceTier": {
        "type": "string",
        "metadata": {
          "displayName": "Azure Log Analytics Workspace Service tier",
          "description": "Azure Log Analytics Workspace Service tier: Free, Standalone, PerNode or PerGB2018."
        },
        "defaultValue": "PerNode",
        "allowedValues": [
          "Free",
          "Standalone",
          "PerNode",
          "PerGB2018"
        ]
      },
      "logsRetentionInDays": {
        "type": "int",
        "metadata": {
          "displayName": "Log retention in days",
          "description": "Specifies the number of days that logs will be kept for; a value of 0 will retain data indefinitely"
        },
        "defaultValue": 365
      },
      "hub-shared-security-log_workspaceLocation": {
        "type": "string",
        "metadata": {
          "displayName": "Log Analytics Workspace location",
          "description": "Location where Log Analytics workspace to be created. Run `Get-AzLocation | Where-Object Providers -like 'Microsoft.OperationalInsights' | Select DisplayName` in Azure PowersShell to find available regions."
        },
        "defaultValue": "[parameters('hubLocation')]"
      },
      "hub-shared-security-log_automationAccountId": {
        "type": "string",
        "metadata": {
          "displayName": "Azure Automation account id",
          "description": "Optional. Automation Account resource identifier, value used to create a LinkedService between Log Analytics and an Automation Account."
        },
        "defaultValue": ""
      },
      "networkWatcherName": {
        "type": "string",
        "metadata": {
          "displayName": "Network Watcher name",
          "description": "Name of the Network Watcher resource."
        },
        "defaultValue": "[concat('NetworkWatcher_', parameters('networkWatcherLocation'))]"
      },
      "networkWatcherLocation": {
        "type": "string",
        "metadata": {
          "displayName": "Network Watcher location",
          "description": "Location of the Network Watcher resource."
        },
        "defaultValue": "[parameters('hubLocation')]"
      },
      "networkWatcherResourceGroup": {
        "type": "string",
        "metadata": {
          "displayName": "Network Watcher Resource Group name",
          "description": "Name of the Network Watcher Resource Group."
        },
        "defaultValue": "NetworkWatcherRG"
      },
      "networkWatcherResourceGroupLocation": {
        "type": "string",
        "metadata": {
          "displayName": "Network Watcher Resource Group location",
          "description": "Location of the Network Watcher Resource Group."
        },
        "defaultValue": "[parameters('hubLocation')]"
      },
      "hub-shared-network-nsg_enableNsgFlowLogs": {
        "type": "bool",
        "metadata": {
          "displayName": "Enable NSG Flow Logs",
          "description": "Enable NSG Flow Logs."
        },
        "defaultValue": true
      },
      "destinationAddresses": {
        "type": "string",
        "metadata": {
          "displayName": "Destination IP Addresses",
          "description": "Destination IP addresses for outbound connectivity."
        },
        "defaultValue": "0.0.0.0"
      },
      "hub-shared-network-vnet_vnetAddressPrefix": {
        "type": "string",
        "metadata": {
          "displayName": "Virtual Network address prefix",
          "description": "Virtual Network address prefix."
        },
        "defaultValue": "10.0.0.0/16"
      },
      "hub-shared-network-vnet_azureFirewallSubnetAddressPrefix": {
        "type": "string",
        "metadata": {
          "displayName": "Azure Firewall subnet address prefix",
          "description": "Azure Firewall subnet address prefix."
        },
        "defaultValue": "10.0.0.0/26"
      },
      "hub-shared-network-vnet_bastionSubnetAddressPrefix": {
        "type": "string",
        "metadata": {
          "displayName": "Bastion subnet address prefix",
          "description": "Bastion subnet address prefix."
        },
        "defaultValue": "10.0.1.0/27"
      },
      "hub-shared-network-vnet_gatewaySubnetAddressPrefix": {
        "type": "string",
        "metadata": {
          "displayName": "Gateway subnet address prefix",
          "description": "Gateway subnet address prefix."
        },
        "defaultValue": "10.0.2.0/24"
      },
      "hub-shared-network-vnet_managementSubnetAddressPrefix": {
        "type": "string",
        "metadata": {
          "displayName": "Management subnet address prefix",
          "description": "Management subnet address prefix."
        },
        "defaultValue": "10.0.3.0/24"
      },
      "hub-shared-network-vnet_jumpBoxSubnetAddressPrefix": {
        "type": "string",
        "metadata": {
          "displayName": "JumpBox subnet address prefix",
          "description": "JumpBox subnet address prefix."
        },
        "defaultValue": "10.0.4.0/24"
      },
      "hub-shared-network-vnet_optionalSubnetNames": {
        "type": "array",
        "metadata": {
          "displayName": "Optional subnet address names",
          "description": "Optional. An Array of subnet names to deploy to the Virtual Network. e.g \"subnet1\",\"subnet2\""
        },
        "defaultValue": []
      },
      "hub-shared-network-vnet_optionalSubnetPrefixes": {
        "type": "array",
        "metadata": {
          "displayName": "Optional subnet address prefixes",
          "description": "Optional. An Array of IP Address Prefixes for subnets. e.g \"10.0.7.0/24\",\"10.0.8.0/24\" "
        },
        "defaultValue": []
      },
      "enableDdosProtection": {
        "type": "bool",
        "metadata": {
          "displayName": "Enable Virtual Network DDoS protection",
          "description": "Determines whether or not DDoS Protection is enabled in the Virtual Network."
        },
        "defaultValue": false
      },
      "hub-shared-network-firewall_azureFirewallPrivateIP": {
        "type": "string",
        "metadata": {
          "displayName": "Azure Firewall private IP",
          "description": "Azure Firewall private IP."
        },
        "defaultValue": "10.0.0.4"
      },
      "spoke-workload-network-vnet_spokeVnetAddressPrefix": {
        "type": "string",
        "metadata": {
          "displayName": "Virtual Network address prefix",
          "description": "Virtual Network address prefix."
        },
        "defaultValue": "10.1.0.0/16"
      },
      "spoke-workload-network-vnet_spokeSubnetAddressPrefix": {
        "type": "string",
        "metadata": {
          "displayName": "Subnet address prefix",
          "description": "Subnet address prefix."
        },
        "defaultValue": "10.1.0.0/24"
      },
      "spoke-workload-network-vnet_spokeOptionalSubnetNames": {
        "type": "array",
        "metadata": {
          "displayName": "Optional subnet address names",
          "description": "Optional. An Array of subnet names to deploy to the Virtual Network. e.g \"subnet1\",\"subnet2\""
        },
        "defaultValue": []
      },
      "spoke-workload-network-vnet_spokeOptionalSubnetPrefixes": {
        "type": "array",
        "metadata": {
          "displayName": "Optional subnet address prefixes",
          "description": "Optional. An Array of IP Address Prefixes for subnets. e.g \"10.0.7.0/24\",\"10.0.8.0/24\" "
        },
        "defaultValue": []
      },
      "deploy-local-gateway": {
        "type": "bool",
        "metadata": {
          "displayName": "Deploy local gateway",
          "description": "Deploy local gateway."
        },
        "defaultValue": false
      },
      "local-gateway-config": {
        "type": "array",
        "metadata": {
          "displayName": "Local gateway details",
          "description": "Local gateway details"
        },
        "defaultValue": []
      },
      "onprem-or-cloud-network-address": {
        "type": "string",
        "metadata": {
          "displayName": "Address of the virtual network of onprem or CSP",
          "description": "Address of the virtual network of onprem or CSP"
        },
        "defaultValue": "172.50.0.0/16"
      },
      "deployVm": {
        "type": "bool",
        "metadata": {
          "displayName": "Deploy VM to spoke subnet",
          "description": "Deploy VM to spoke subnet"
        },
        "defaultValue": true
      },
	  "deployFirewall": {
        "type": "bool",
        "metadata": {
          "displayName": "Deploy Firewall",
          "description": "Deploy Firewall"
        },
        "defaultValue": true
      },
      "vmDetails": {
        "type": "object",
        "metadata": {
          "displayName": "Details of the vm to be deployed",
          "description": "Details of the vm to be deployed"
        },
        "defaultValue": {}
      },
      "username": {
        "type": "string",
        "metadata": {
          "displayName": "Username for VM and DB",
          "description": "Username for VM and DB"
        },
        "defaultValue": "cloudadmin"
      },
      "password": {
        "type": "string",
        "metadata": {
          "displayName": "Password for VM and DB",
          "description": "Password for VM and DB"
        }
      },
      "deployDb": {
        "type": "bool",
        "metadata": {
          "displayName": "Deploy DB",
          "description": "Deploy DB"
        },
        "defaultValue": true
      },
      "dbConfig": {
        "type": "object",
        "metadata": {
          "displayName": "DB Details",
          "description": "DB details"
        },
        "defaultValue": {}
      }
    },
    "resourceGroups": {
      "HubResourceGroup": {
        "name": "[concat(parameters('namePrefix'), '-', parameters('hubName'), '-rg')]",
        "location": "[parameters('hubLocation')]",
        "metadata": {
          "displayName": "Hub Resource Group"
        },
        "dependsOn": []
      },
      "SpokeResourceGroup": {
        "name": "[concat(parameters('namePrefix'), '-', parameters('spokeName'), '-rg')]",
        "location": "[parameters('hubLocation')]",
        "metadata": {
          "displayName": "Spoke Resource Group"
        },
        "dependsOn": []
      },
      "NetworkWatcherResourceGroup": {
        "name": "[parameters('networkWatcherResourceGroup')]",
        "location": "[parameters('networkWatcherResourceGroupLocation')]",
        "metadata": {
          "displayName": "Network Watcher Resource Group"
        },
        "dependsOn": []
      }
    }
  }
}