{
  "$schema": "https://schema.management.azure.com/schemas/2015-01-01/deploymentTemplate.json#",
  "contentVersion": "1.0.0.0",
  "parameters": {
    "workflow_name_ARM": {
      "defaultValue": " ",
      "type": "String"
    },
    "connections_azuread_externalid": {
      "defaultValue": "/subscriptions/58334b57-3447-4951-8505-9a3f7873c5ba/resourceGroups/AzureIGA-rg/providers/Microsoft.Web/connections/azuread-1",
      "type": "String"
    },
    "connections_service_now_externalid": {
      "defaultValue": "/subscriptions/58334b57-3447-4951-8505-9a3f7873c5ba/resourceGroups/AzureIGA-rg/providers/Microsoft.Web/connections/service-now",
      "type": "String"
    },
    "ServiceNowPassword_ARM": {
      "type": "SecureString"
    },
    "application_configuration_ARM": {
      "defaultValue": {},
      "type": "Object"
    },
    "serviceNowUrl_ARM": {
      "defaultValue": " ",
      "type": "String"
    },
    "serviceNowUsername_ARM": {
      "type": "SecureString"
    }
  },
  "variables": {},
  "resources": [
    {
      "type": "Microsoft.Logic/workflows",
      "apiVersion": "2017-07-01",
      "name": "[parameters('workflow_name_ARM')]",
      "location": "eastus",
      "identity": {
        "type": "SystemAssigned"
      },
      "properties": {
        "state": "Enabled",
        "definition": {
          "$schema": "https://schema.management.azure.com/providers/Microsoft.Logic/schemas/2016-06-01/workflowdefinition.json#",
          "contentVersion": "1.0.0.0",
          "parameters": {
            "$connections": {
              "defaultValue": {},
              "type": "Object"
            },
            "workflow_name": {
              "defaultValue": " ",
              "type": "String"
            },
            "ServiceNowPassword": {
              "type": "SecureString"
            },
            "application_configuration": {
              "defaultValue": {},
              "type": "Object"
            },
            "serviceNowUrl": {
              "defaultValue": " ",
              "type": "String"
            },
            "serviceNowUsername": {
              "type": "SecureString"
            }
          },
          "triggers": {
            "request": {
              "type": "Request",
              "kind": "Http",
              "inputs": {
                "schema": {
                  "properties": {
                    "body": {
                      "properties": {
                        "data": {
                          "properties": {
                            "AlertRuleName": {
                              "type": "string"
                            },
                            "AlertThresholdOperator": {
                              "type": "string"
                            },
                            "AlertThresholdValue": {
                              "type": "integer"
                            },
                            "AlertType": {
                              "type": "string"
                            },
                            "Description": {
                              "type": "string"
                            },
                            "LinkToFilteredSearchResultsAPI": {
                              "type": "string"
                            },
                            "LinkToFilteredSearchResultsUI": {
                              "type": "string"
                            },
                            "LinkToSearchResults": {
                              "type": "string"
                            },
                            "LinkToSearchResultsAPI": {
                              "type": "string"
                            },
                            "ResourceId": {
                              "type": "string"
                            },
                            "ResultCount": {
                              "type": "integer"
                            },
                            "SearchIntervalEndtimeUtc": {
                              "type": "string"
                            },
                            "SearchIntervalInSeconds": {
                              "type": "integer"
                            },
                            "SearchIntervalStartTimeUtc": {
                              "type": "string"
                            },
                            "SearchQuery": {
                              "type": "string"
                            },
                            "SearchResult": {
                              "properties": {
                                "dataSources": {
                                  "items": {
                                    "properties": {
                                      "region": {
                                        "type": "string"
                                      },
                                      "resourceId": {
                                        "type": "string"
                                      },
                                      "tables": {
                                        "items": {
                                          "type": "string"
                                        },
                                        "type": "array"
                                      }
                                    },
                                    "required": [
                                      "resourceId",
                                      "region",
                                      "tables"
                                    ],
                                    "type": "object"
                                  },
                                  "type": "array"
                                },
                                "statistics": {
                                  "properties": {
                                    "query": {
                                      "properties": {
                                        "datasetStatistics": {
                                          "items": {
                                            "properties": {
                                              "tableRowCount": {
                                                "type": "integer"
                                              },
                                              "tableSize": {
                                                "type": "integer"
                                              }
                                            },
                                            "required": [
                                              "tableRowCount",
                                              "tableSize"
                                            ],
                                            "type": "object"
                                          },
                                          "type": "array"
                                        },
                                        "executionTime": {
                                          "type": "number"
                                        },
                                        "inputDatasetStatistics": {
                                          "properties": {
                                            "extents": {
                                              "properties": {
                                                "scanned": {
                                                  "type": "integer"
                                                },
                                                "scannedMaxDatetime": {
                                                  "type": "string"
                                                },
                                                "scannedMinDatetime": {
                                                  "type": "string"
                                                },
                                                "total": {
                                                  "type": "integer"
                                                }
                                              },
                                              "type": "object"
                                            },
                                            "rows": {
                                              "properties": {
                                                "scanned": {
                                                  "type": "integer"
                                                },
                                                "total": {
                                                  "type": "integer"
                                                }
                                              },
                                              "type": "object"
                                            },
                                            "rowstores": {
                                              "properties": {
                                                "scannedRows": {
                                                  "type": "integer"
                                                },
                                                "scannedValuesSize": {
                                                  "type": "integer"
                                                }
                                              },
                                              "type": "object"
                                            },
                                            "shards": {
                                              "properties": {
                                                "queriesGeneric": {
                                                  "type": "integer"
                                                },
                                                "queriesSpecialized": {
                                                  "type": "integer"
                                                }
                                              },
                                              "type": "object"
                                            }
                                          },
                                          "type": "object"
                                        },
                                        "resourceUsage": {
                                          "properties": {
                                            "cache": {
                                              "properties": {
                                                "disk": {
                                                  "properties": {
                                                    "hits": {
                                                      "type": "integer"
                                                    },
                                                    "misses": {
                                                      "type": "integer"
                                                    },
                                                    "total": {
                                                      "type": "integer"
                                                    }
                                                  },
                                                  "type": "object"
                                                },
                                                "memory": {
                                                  "properties": {
                                                    "hits": {
                                                      "type": "integer"
                                                    },
                                                    "misses": {
                                                      "type": "integer"
                                                    },
                                                    "total": {
                                                      "type": "integer"
                                                    }
                                                  },
                                                  "type": "object"
                                                },
                                                "shards": {
                                                  "properties": {
                                                    "bypassbytes": {
                                                      "type": "integer"
                                                    },
                                                    "cold": {
                                                      "properties": {
                                                        "hitbytes": {
                                                          "type": "integer"
                                                        },
                                                        "missbytes": {
                                                          "type": "integer"
                                                        },
                                                        "retrievebytes": {
                                                          "type": "integer"
                                                        }
                                                      },
                                                      "type": "object"
                                                    },
                                                    "hot": {
                                                      "properties": {
                                                        "hitbytes": {
                                                          "type": "integer"
                                                        },
                                                        "missbytes": {
                                                          "type": "integer"
                                                        },
                                                        "retrievebytes": {
                                                          "type": "integer"
                                                        }
                                                      },
                                                      "type": "object"
                                                    }
                                                  },
                                                  "type": "object"
                                                }
                                              },
                                              "type": "object"
                                            },
                                            "cpu": {
                                              "properties": {
                                                "kernel": {
                                                  "type": "string"
                                                },
                                                "totalCpu": {
                                                  "type": "string"
                                                },
                                                "user": {
                                                  "type": "string"
                                                }
                                              },
                                              "type": "object"
                                            },
                                            "memory": {
                                              "properties": {
                                                "peakPerNode": {
                                                  "type": "integer"
                                                }
                                              },
                                              "type": "object"
                                            }
                                          },
                                          "type": "object"
                                        }
                                      },
                                      "type": "object"
                                    }
                                  },
                                  "type": "object"
                                },
                                "tables": {
                                  "items": {
                                    "properties": {
                                      "columns": {
                                        "items": {
                                          "properties": {
                                            "name": {
                                              "type": "string"
                                            },
                                            "type": {
                                              "type": "string"
                                            }
                                          },
                                          "required": [
                                            "name",
                                            "type"
                                          ],
                                          "type": "object"
                                        },
                                        "type": "array"
                                      },
                                      "name": {
                                        "type": "string"
                                      },
                                      "rows": {
                                        "items": {
                                          "items": {
                                            "type": "string"
                                          },
                                          "type": "array"
                                        },
                                        "type": "array"
                                      }
                                    },
                                    "required": [
                                      "name",
                                      "columns",
                                      "rows"
                                    ],
                                    "type": "object"
                                  },
                                  "type": "array"
                                }
                              },
                              "type": "object"
                            },
                            "Severity": {
                              "type": "string"
                            },
                            "SubscriptionId": {
                              "type": "string"
                            },
                            "WorkspaceId": {
                              "type": "string"
                            }
                          },
                          "type": "object"
                        },
                        "schemaId": {
                          "type": "string"
                        }
                      },
                      "type": "object"
                    },
                    "headers": {
                      "properties": {
                        "Connection": {
                          "type": "string"
                        },
                        "Content-Length": {
                          "type": "string"
                        },
                        "Content-Type": {
                          "type": "string"
                        },
                        "Expect": {
                          "type": "string"
                        },
                        "Host": {
                          "type": "string"
                        },
                        "User-Agent": {
                          "type": "string"
                        },
                        "X-CorrelationContext": {
                          "type": "string"
                        }
                      },
                      "type": "object"
                    }
                  },
                  "type": "object"
                }
              }
            }
          },
          "actions": {
            "Compose_-_application_configuration": {
              "runAfter": {
                "Parse_Incoming_Body_JSON": [
                  "Succeeded"
                ]
              },
              "type": "Compose",
              "inputs": "@parameters('application_configuration')"
            },
            "For_each_-_iterate_incoming_request_-_tables": {
              "foreach": "@body('Parse_Incoming_Body_JSON')?['data']?['SearchResult']?['tables']",
              "actions": {
                "For_each_-_iterate_rows": {
                  "foreach": "@item()['rows']",
                  "actions": {
                    "Condition_-_Check_operation_found": {
                      "actions": {
                        "Create_ServiceNow_Request": {
                          "runAfter": {},
                          "type": "Http",
                          "inputs": {
                            "authentication": {
                              "password": "@parameters('ServiceNowPassword')",
                              "type": "Basic",
                              "username": "@parameters('serviceNowUsername')"
                            },
                            "body": {
                              "sysparm_quantity": 1,
                              "variables": {
                                "account_id": "@body('Get_user_details')?['userPrincipalName']",
                                "application_name": "@variables('appname')",
                                "email_address": "@body('Get_user_details')?['mail']",
                                "first_name": "@body('Get_user_details')?['givenName']",
                                "last_name": "@body('Get_user_details')?['surname']",
                                "operation_name": "@variables('operationname')",
                                "user_name": "@body('Get_user_details')?['userPrincipalName']"
                              }
                            },
                            "method": "POST",
                            "uri": "@{parameters('serviceNowUrl')}/@{body('Parse_JSON_-_application_configuration')?['serviceNowId']}/order_now"
                          }
                        },
                        "Parse_ServiceNow_JSON_response": {
                          "runAfter": {
                            "Create_ServiceNow_Request": [
                              "Succeeded"
                            ]
                          },
                          "type": "ParseJson",
                          "inputs": {
                            "content": "@body('Create_ServiceNow_Request')",
                            "schema": {
                              "properties": {
                                "result": {
                                  "properties": {
                                    "number": {
                                      "type": "string"
                                    },
                                    "request_id": {
                                      "type": "string"
                                    },
                                    "request_number": {
                                      "type": "string"
                                    },
                                    "sys_id": {
                                      "type": "string"
                                    },
                                    "table": {
                                      "type": "string"
                                    }
                                  },
                                  "type": "object"
                                }
                              },
                              "type": "object"
                            }
                          }
                        },
                        "Update_Record_-_Add_description": {
                          "runAfter": {
                            "Parse_ServiceNow_JSON_response": [
                              "Succeeded"
                            ]
                          },
                          "type": "ApiConnection",
                          "inputs": {
                            "body": {
                              "description": "@{variables('operationname')} @{variables('appname')} access for @{body('Get_user_details')?['userPrincipalName']}. Reason: Access granted by Azure AD.",
                              "short_description": "@{variables('operationname')} @{variables('appname')} access for @{body('Get_user_details')?['userPrincipalName']}"
                            },
                            "host": {
                              "connection": {
                                "name": "@parameters('$connections')['service-now']['connectionId']"
                              }
                            },
                            "method": "put",
                            "path": "/api/now/v2/table/@{encodeURIComponent('sc_request')}/@{encodeURIComponent(body('Parse_ServiceNow_JSON_response')?['result']?['sys_id'])}",
                            "queries": {
                              "sysparm_display_value": false,
                              "sysparm_exclude_reference_link": true
                            }
                          }
                        }
                      },
                      "runAfter": {
                        "For_each_-_iterate_current_role_assignments": [
                          "Succeeded"
                        ]
                      },
                      "expression": {
                        "or": [
                          {
                            "equals": [
                              "@variables('operationname')",
                              "Provision"
                            ]
                          },
                          {
                            "equals": [
                              "@variables('operationname')",
                              "Deprovision"
                            ]
                          }
                        ]
                      },
                      "type": "If"
                    },
                    "For_each_-_iterate_current_role_assignments": {
                      "foreach": "@body('Parse_JSON_-_role_assignments')?['value']",
                      "actions": {
                        "Condition_-_Check_for_provision_operation": {
                          "actions": {
                            "Set_variable_-_operationname_-_provision": {
                              "runAfter": {},
                              "type": "SetVariable",
                              "inputs": {
                                "name": "operationname",
                                "value": "Provision"
                              }
                            }
                          },
                          "runAfter": {},
                          "else": {
                            "actions": {
                              "Condition": {
                                "actions": {
                                  "Set_variable_-_operationname_deprovision": {
                                    "runAfter": {},
                                    "type": "SetVariable",
                                    "inputs": {
                                      "name": "operationname",
                                      "value": "Deprovision"
                                    }
                                  }
                                },
                                "runAfter": {},
                                "expression": {
                                  "and": [
                                    {
                                      "equals": [
                                        "@items('For_each_-_iterate_current_role_assignments')?['appRoleId']",
                                        "@body('Parse_JSON_-_application_configuration')?['remove_access']"
                                      ]
                                    }
                                  ]
                                },
                                "type": "If"
                              }
                            }
                          },
                          "expression": {
                            "and": [
                              {
                                "equals": [
                                  "@items('For_each_-_iterate_current_role_assignments')?['appRoleId']",
                                  "@body('Parse_JSON_-_application_configuration')?['request_pending']"
                                ]
                              }
                            ]
                          },
                          "type": "If"
                        }
                      },
                      "runAfter": {
                        "Parse_JSON_-_role_assignments": [
                          "Succeeded"
                        ]
                      },
                      "type": "Foreach"
                    },
                    "For_each_-_iterate_inner_array": {
                      "foreach": "@item()",
                      "actions": {
                        "Increment_loop_counter": {
                          "runAfter": {
                            "Switch_-_audit_data": [
                              "Succeeded"
                            ]
                          },
                          "type": "IncrementVariable",
                          "inputs": {
                            "name": "counter",
                            "value": 1
                          }
                        },
                        "Switch_-_audit_data": {
                          "runAfter": {},
                          "cases": {
                            "Case_1_-_userName": {
                              "case": "userName",
                              "actions": {
                                "Set_username": {
                                  "runAfter": {},
                                  "type": "SetVariable",
                                  "inputs": {
                                    "name": "username",
                                    "value": "@{split(item(),',')[1]}"
                                  }
                                }
                              }
                            },
                            "Case_2_-_appName": {
                              "case": "appName",
                              "actions": {
                                "Set_appname": {
                                  "runAfter": {},
                                  "type": "SetVariable",
                                  "inputs": {
                                    "name": "appname",
                                    "value": "@{split(item(),',')[1]}"
                                  }
                                }
                              }
                            }
                          },
                          "default": {
                            "actions": {}
                          },
                          "expression": "@split(item(),',')[0]",
                          "type": "Switch"
                        }
                      },
                      "runAfter": {},
                      "type": "Foreach"
                    },
                    "Get_user_details": {
                      "runAfter": {
                        "For_each_-_iterate_inner_array": [
                          "Succeeded"
                        ]
                      },
                      "type": "ApiConnection",
                      "inputs": {
                        "host": {
                          "connection": {
                            "name": "@parameters('$connections')['azuread']['connectionId']"
                          }
                        },
                        "method": "get",
                        "path": "/v1.0/users/@{encodeURIComponent(variables('username'))}"
                      }
                    },
                    "Graph_API_-_Fetch_existing_role_assignments": {
                      "runAfter": {
                        "Get_user_details": [
                          "Succeeded"
                        ]
                      },
                      "type": "Http",
                      "inputs": {
                        "authentication": {
                          "audience": "https://graph.microsoft.com",
                          "type": "ManagedServiceIdentity"
                        },
                        "method": "GET",
                        "uri": "https://graph.microsoft.com/beta/users/@{body('Get_user_details')?['id']}/appRoleAssignments?$filter=resourceId eq @{body('Parse_JSON_-_application_configuration')?['resourceId']}"
                      }
                    },
                    "Parse_JSON_-_role_assignments": {
                      "runAfter": {
                        "Graph_API_-_Fetch_existing_role_assignments": [
                          "Succeeded"
                        ]
                      },
                      "type": "ParseJson",
                      "inputs": {
                        "content": "@body('Graph_API_-_Fetch_existing_role_assignments')",
                        "schema": {
                          "properties": {
                            "@@odata.context": {
                              "type": "string"
                            },
                            "value": {
                              "items": {
                                "properties": {
                                  "appRoleId": {
                                    "type": "string"
                                  },
                                  "creationTimestamp": {
                                    "type": "string"
                                  },
                                  "id": {
                                    "type": "string"
                                  },
                                  "principalDisplayName": {
                                    "type": "string"
                                  },
                                  "principalId": {
                                    "type": "string"
                                  },
                                  "principalType": {
                                    "type": "string"
                                  },
                                  "resourceDisplayName": {
                                    "type": "string"
                                  },
                                  "resourceId": {
                                    "type": "string"
                                  }
                                },
                                "required": [
                                  "id",
                                  "creationTimestamp",
                                  "appRoleId",
                                  "principalDisplayName",
                                  "principalId",
                                  "principalType",
                                  "resourceDisplayName",
                                  "resourceId"
                                ],
                                "type": "object"
                              },
                              "type": "array"
                            }
                          },
                          "type": "object"
                        }
                      }
                    }
                  },
                  "runAfter": {},
                  "type": "Foreach",
                  "runtimeConfiguration": {
                    "concurrency": {
                      "repetitions": 1
                    }
                  }
                }
              },
              "runAfter": {
                "Initialize_counter": [
                  "Succeeded"
                ]
              },
              "type": "Foreach",
              "runtimeConfiguration": {
                "concurrency": {
                  "repetitions": 1
                }
              }
            },
            "Initialize_appname": {
              "runAfter": {
                "Initialize_username": [
                  "Succeeded"
                ]
              },
              "type": "InitializeVariable",
              "inputs": {
                "variables": [
                  {
                    "name": "appname",
                    "type": "string"
                  }
                ]
              }
            },
            "Initialize_counter": {
              "runAfter": {
                "Initialize_operationname": [
                  "Succeeded"
                ]
              },
              "type": "InitializeVariable",
              "inputs": {
                "variables": [
                  {
                    "name": "counter",
                    "type": "integer",
                    "value": 0
                  }
                ]
              }
            },
            "Initialize_operationname": {
              "runAfter": {
                "Initialize_appname": [
                  "Succeeded"
                ]
              },
              "type": "InitializeVariable",
              "inputs": {
                "variables": [
                  {
                    "name": "operationname",
                    "type": "string",
                    "value": "blankvalue"
                  }
                ]
              }
            },
            "Initialize_username": {
              "runAfter": {
                "Parse_JSON_-_application_configuration": [
                  "Succeeded"
                ]
              },
              "type": "InitializeVariable",
              "inputs": {
                "variables": [
                  {
                    "name": "username",
                    "type": "string"
                  }
                ]
              }
            },
            "Parse_Incoming_Body_JSON": {
              "runAfter": {},
              "type": "ParseJson",
              "inputs": {
                "content": "@triggerBody()",
                "schema": {
                  "properties": {
                    "body": {
                      "properties": {
                        "data": {
                          "properties": {
                            "AlertRuleName": {
                              "type": "string"
                            },
                            "AlertThresholdOperator": {
                              "type": "string"
                            },
                            "AlertThresholdValue": {
                              "type": "integer"
                            },
                            "AlertType": {
                              "type": "string"
                            },
                            "Description": {
                              "type": "string"
                            },
                            "LinkToFilteredSearchResultsAPI": {
                              "type": "string"
                            },
                            "LinkToFilteredSearchResultsUI": {
                              "type": "string"
                            },
                            "LinkToSearchResults": {
                              "type": "string"
                            },
                            "LinkToSearchResultsAPI": {
                              "type": "string"
                            },
                            "ResourceId": {
                              "type": "string"
                            },
                            "ResultCount": {
                              "type": "integer"
                            },
                            "SearchIntervalEndtimeUtc": {
                              "type": "string"
                            },
                            "SearchIntervalInSeconds": {
                              "type": "integer"
                            },
                            "SearchIntervalStartTimeUtc": {
                              "type": "string"
                            },
                            "SearchQuery": {
                              "type": "string"
                            },
                            "SearchResult": {
                              "properties": {
                                "dataSources": {
                                  "items": {
                                    "properties": {
                                      "region": {
                                        "type": "string"
                                      },
                                      "resourceId": {
                                        "type": "string"
                                      },
                                      "tables": {
                                        "items": {
                                          "type": "string"
                                        },
                                        "type": "array"
                                      }
                                    },
                                    "required": [
                                      "resourceId",
                                      "region",
                                      "tables"
                                    ],
                                    "type": "object"
                                  },
                                  "type": "array"
                                },
                                "statistics": {
                                  "properties": {
                                    "query": {
                                      "properties": {
                                        "datasetStatistics": {
                                          "items": {
                                            "properties": {
                                              "tableRowCount": {
                                                "type": "integer"
                                              },
                                              "tableSize": {
                                                "type": "integer"
                                              }
                                            },
                                            "required": [
                                              "tableRowCount",
                                              "tableSize"
                                            ],
                                            "type": "object"
                                          },
                                          "type": "array"
                                        },
                                        "executionTime": {
                                          "type": "number"
                                        },
                                        "inputDatasetStatistics": {
                                          "properties": {
                                            "extents": {
                                              "properties": {
                                                "scanned": {
                                                  "type": "integer"
                                                },
                                                "scannedMaxDatetime": {
                                                  "type": "string"
                                                },
                                                "scannedMinDatetime": {
                                                  "type": "string"
                                                },
                                                "total": {
                                                  "type": "integer"
                                                }
                                              },
                                              "type": "object"
                                            },
                                            "rows": {
                                              "properties": {
                                                "scanned": {
                                                  "type": "integer"
                                                },
                                                "total": {
                                                  "type": "integer"
                                                }
                                              },
                                              "type": "object"
                                            },
                                            "rowstores": {
                                              "properties": {
                                                "scannedRows": {
                                                  "type": "integer"
                                                },
                                                "scannedValuesSize": {
                                                  "type": "integer"
                                                }
                                              },
                                              "type": "object"
                                            },
                                            "shards": {
                                              "properties": {
                                                "queriesGeneric": {
                                                  "type": "integer"
                                                },
                                                "queriesSpecialized": {
                                                  "type": "integer"
                                                }
                                              },
                                              "type": "object"
                                            }
                                          },
                                          "type": "object"
                                        },
                                        "resourceUsage": {
                                          "properties": {
                                            "cache": {
                                              "properties": {
                                                "disk": {
                                                  "properties": {
                                                    "hits": {
                                                      "type": "integer"
                                                    },
                                                    "misses": {
                                                      "type": "integer"
                                                    },
                                                    "total": {
                                                      "type": "integer"
                                                    }
                                                  },
                                                  "type": "object"
                                                },
                                                "memory": {
                                                  "properties": {
                                                    "hits": {
                                                      "type": "integer"
                                                    },
                                                    "misses": {
                                                      "type": "integer"
                                                    },
                                                    "total": {
                                                      "type": "integer"
                                                    }
                                                  },
                                                  "type": "object"
                                                },
                                                "shards": {
                                                  "properties": {
                                                    "bypassbytes": {
                                                      "type": "integer"
                                                    },
                                                    "cold": {
                                                      "properties": {
                                                        "hitbytes": {
                                                          "type": "integer"
                                                        },
                                                        "missbytes": {
                                                          "type": "integer"
                                                        },
                                                        "retrievebytes": {
                                                          "type": "integer"
                                                        }
                                                      },
                                                      "type": "object"
                                                    },
                                                    "hot": {
                                                      "properties": {
                                                        "hitbytes": {
                                                          "type": "integer"
                                                        },
                                                        "missbytes": {
                                                          "type": "integer"
                                                        },
                                                        "retrievebytes": {
                                                          "type": "integer"
                                                        }
                                                      },
                                                      "type": "object"
                                                    }
                                                  },
                                                  "type": "object"
                                                }
                                              },
                                              "type": "object"
                                            },
                                            "cpu": {
                                              "properties": {
                                                "kernel": {
                                                  "type": "string"
                                                },
                                                "totalCpu": {
                                                  "type": "string"
                                                },
                                                "user": {
                                                  "type": "string"
                                                }
                                              },
                                              "type": "object"
                                            },
                                            "memory": {
                                              "properties": {
                                                "peakPerNode": {
                                                  "type": "integer"
                                                }
                                              },
                                              "type": "object"
                                            }
                                          },
                                          "type": "object"
                                        }
                                      },
                                      "type": "object"
                                    }
                                  },
                                  "type": "object"
                                },
                                "tables": {
                                  "items": {
                                    "properties": {
                                      "columns": {
                                        "items": {
                                          "properties": {
                                            "name": {
                                              "type": "string"
                                            },
                                            "type": {
                                              "type": "string"
                                            }
                                          },
                                          "required": [
                                            "name",
                                            "type"
                                          ],
                                          "type": "object"
                                        },
                                        "type": "array"
                                      },
                                      "name": {
                                        "type": "string"
                                      },
                                      "rows": {
                                        "items": {
                                          "items": {
                                            "type": "string"
                                          },
                                          "type": "array"
                                        },
                                        "type": "array"
                                      }
                                    },
                                    "required": [
                                      "name",
                                      "columns",
                                      "rows"
                                    ],
                                    "type": "object"
                                  },
                                  "type": "array"
                                }
                              },
                              "type": "object"
                            },
                            "Severity": {
                              "type": "string"
                            },
                            "SubscriptionId": {
                              "type": "string"
                            },
                            "WorkspaceId": {
                              "type": "string"
                            }
                          },
                          "type": "object"
                        },
                        "schemaId": {
                          "type": "string"
                        }
                      },
                      "type": "object"
                    },
                    "headers": {
                      "properties": {
                        "Connection": {
                          "type": "string"
                        },
                        "Content-Length": {
                          "type": "string"
                        },
                        "Content-Type": {
                          "type": "string"
                        },
                        "Expect": {
                          "type": "string"
                        },
                        "Host": {
                          "type": "string"
                        },
                        "User-Agent": {
                          "type": "string"
                        },
                        "X-CorrelationContext": {
                          "type": "string"
                        }
                      },
                      "type": "object"
                    }
                  },
                  "type": "object"
                }
              }
            },
            "Parse_JSON_-_application_configuration": {
              "runAfter": {
                "Compose_-_application_configuration": [
                  "Succeeded"
                ]
              },
              "type": "ParseJson",
              "inputs": {
                "content": "@outputs('Compose_-_application_configuration')",
                "schema": {
                  "properties": {
                    "appName": {
                      "type": "string"
                    },
                    "app_access": {
                      "type": "string"
                    },
                    "remove_access": {
                      "type": "string"
                    },
                    "request_pending": {
                      "type": "string"
                    },
                    "resourceId": {
                      "type": "string"
                    },
                    "serviceNowId": {
                      "type": "string"
                    }
                  },
                  "type": "object"
                }
              }
            }
          },
          "outputs": {}
        },
        "parameters": {
          "$connections": {
            "value": {
              "azuread": {
                "connectionId": "[parameters('connections_azuread_externalid')]",
                "connectionName": "azuread",
                "id": "/subscriptions/58334b57-3447-4951-8505-9a3f7873c5ba/providers/Microsoft.Web/locations/eastus/managedApis/azuread"
              },
              "service-now": {
                "connectionId": "[parameters('connections_service_now_externalid')]",
                "connectionName": "service-now",
                "id": "/subscriptions/58334b57-3447-4951-8505-9a3f7873c5ba/providers/Microsoft.Web/locations/eastus/managedApis/service-now"
              }
            }
          },          
          "ServiceNowPassword": {
            "value": "[parameters('ServiceNowPassword_ARM')]"
          },
          "application_configuration": {
            "value": "[parameters('application_configuration_ARM')]"
          },
          "serviceNowUrl": {
            "value": "[parameters('serviceNowUrl_ARM')]"
          },
          "serviceNowUsername": {
            "value": "[parameters('serviceNowUsername_ARM')]"
          }
        }
      }
    }
  ]
}