{
    "invite-guests-config": {
      "domain": "<Full AD Domain Name>",
      "domainAdminUser": "<Domain Admin's UserName>",
      "domainAdminPassword": "<Domain Admin's Password>",
      "clientId": "<SPN Client Id>",
      "clientSecret": "<SPN Client Secret>",
      "tenantId": "<AAD Tenant Id>",
      "inviteRedirectUrl": "<Redirect URL>?tenantid=<AAD Tenant Id>",
      "sendInvitationMessage": true,
      "customizedMessageBody": "<Custom guest welcome message>",
      "adUserAttributes": [
        "displayName",
        "samaccountname",
        "mail"
      ],
      "searchCriteria": {
        "type": "<Allowed values: group or filter>",
        "value": "<group name or valid AD filter>"
      }
    },
    "common-config": {
      "AZ-Login": {
        "connection-type": "user-credential",
        "az-ad-user-login": {
          "username": "<username>",
          "password": "<password>"
        },
        "az-spn-login": {
          "spn": "<SPN Display Name>",
          "password": "<Client secret>",
          "tenantId": "<tenant id>"
        },
        "az-ad-spn-cert": {
          "clientId": "",
          "clientSecret": "",
          "certpath": ""
        }
      },
      "Token-Configuration":{
        "token-type" : "user-token",
        "app-token" : {
            "clientId" : "846de799-ab58-4142-aad2-384b6a04c637",
            "clientSecret" : "v-JRYzC29.9e-Vxi.-B6lLNL6sg~X8.HU~",
            "tenantId" : "bfda942f-a624-4636-9b1b-c4c13e93dfee",
            "scope" : "https://graph.microsoft.com/.default"
        },
        "user-token" : {
            "clientId" : "846de799-ab58-4142-aad2-384b6a04c637",
            "clientSecret" : "v-JRYzC29.9e-Vxi.-B6lLNL6sg~X8.HU~",
            "tenantId" : "bfda942f-a624-4636-9b1b-c4c13e93dfee",
            "scope" : "https://graph.microsoft.com/.default",
            "username":"<username>",
            "password":"<password>"
        }
    }
    },
    "custom-domain-management": {
      "AADRole": [
        "Company Administrator"
      ],
      "AADLicense": "AAD_PREMIUM_P2",
      "customDomain": "<custom domain name>"
    },
    "group-management": {
      "isBulkLoad": false,
      "isDynamicGroup": false,
      "AADRole": [
        "Company Administrator"
      ],
      "AADLicense": "AAD_PREMIUM_P2",
      "group-definition": {
        "displayName": "<Group Name>",
        "description": "<Group Description>",
        "mailEnabled": false,
        "securityEnabled": true,
        "mailNickName": "NotSet"
      },
      "dynamic-group-definition": {
        "dymgrp_displayName": "<Dynamic Group Name>",
        "dymgrp_description": "<Dynamic Group Description>",
        "dymgrp_MailEnabled": false,
        "dymgrp_MailNickName": "group",
        "dymgrp_SecurityEnabled": true,
        "dymgrp_GroupTypes": "DynamicMembership",
        "dymgrp_membershipRule": "<Membership Rule>",
        "dymgrp_membershipRuleProcessingState": "on"
      },
      "bulk-load": {
        "CSVFile": "<Location of CSV File>",
        "mandatoryColums": [
          "DisplayName",
          "GroupDescription",
          "SecurityEnabled"
        ],
        "mandatoryColums_DynamicGrp": [
          "DisplayName",
          "Description",
          "SecurityEnabled",
          "MembershipRule",
          "MembershipRuleProcessingState"
        ]
      }
    },
    "azuread-appproxy-config": {
      "Application-Proxy": {
        "AADConnector": "<FQDN of Remote server :: appproxy03.initechdemo.com>",
        "AADConnectorGroup": "<AAD Application Proxy Group Name :: initechdemo_appproxy>",
        "AADLicense": "AAD_PREMIUM_P2",
        "AADRole": [
          "Application Administrator",
          "Company Administrator"
        ],
        "Services": [
          "WAPCSvc",
          "WAPCUpdaterSvc"
        ],
        "ServicesPPP": [
          "AzureADPasswordProtectionDCAgent",
          "AzureADPasswordProtectionProxy"
        ]
      },
      "AADFile-Path": {
        "AADProxyPath": "https://download.msappproxy.net/subscription/d3c8b69d-6bf7-42be-a529-3fe9c2e70c90/connector/DownloadConnectorInstaller",
        "NameofAADFile": "AADApplicationProxyConnectorInstaller.exe"
      },
      "Remote-Desktop": {
        "ipAddress": "<Remote server IP Address>",
        "remoteusername": "<user name :: domain\\adminuser>",
        "remotepassword": "<Password>",
        "destinationPath": "C:\\Users\\Administrator\\Desktop\\appproxy",
        "AADProgramPath": "C:\\Program Files\\Microsoft AAD App Proxy Connector",
        "Waitconstant": "5",
        "PortTestMSURL": "mscrl.microsoft.com",
        "OutboundPort": [
          "80",
          "443"
        ],
        "WinVersion": "2012"
      },
      "Registry-Key": {
        "tlsv12": "HKLM:\\SYSTEM\\CurrentControlSet\\Control\\SecurityProviders\\SCHANNEL\\Protocols\\TLS 1.2",
        "dotnetfw": "HKLM:\\SOFTWARE\\Microsoft\\.NETFramework\\v4.0.30319",
        "winhttp": "HKLM:\\SOFTWARE\\Microsoft\\Windows\\CurrentVersion\\Internet Settings\\WinHttp"
      }
    },
    "azure-conditional-policy": {
      "conditional-policy": {
        "policyTemplateName": "Conditional Policy Template",
        "csvFileName": "Policy_List",
        "jsonPath": "..\\data\\az-conditional-policy\\",
        "csvPath": "..\\data\\",
        "AADLicense": "AAD_PREMIUM_P2",
        "AADRole": [
          "Security Administrator",
          "Company Administrator",
          "Conditional Access administrator"
        ]
      },
      "conditional-policy-config": {
        "displayName": "My First MFA Conditional Policy",
        "state": "disabled",
        "userRiskLevels": "high|medium",
        "signInRiskLevels": "low",
        "clientAppTypes": "other",
        "platforms": "All;android|iOS",
        "locations": "Atlanta Lab|US;KPMG USA",
        "devices": "All;Compliant|DomainJoined",
        "includeApplications": "tppartner",
        "excludeApplications": "",
        "includeGroups": "AAD_SSPR",
        "excludeGroups": "",
        "includeRoles": "",
        "excludeRoles": "Company Administrator",
        "includeUserActions": "",
        "includeUsers": "all",
        "excludeUsers": "Sylvia.Alles@prtnrinitechdemo.com",
        "builtInControls": "mfa",
        "sessionControls": "mcasConfigured;3;days"
      },
      "conditional-policy-parameters": {
        "isBulkLoad": "Yes",
        "builtInControls": [
          "mfa",
          "compliantDevice",
          "domainJoinedDevice",
          "approvedApplication",
          "compliantApplication"
        ],
        "RiskLevels": [
          "high",
          "medium",
          "low"
        ],
        "SigninRiskLevels": [
          "high",
          "medium",
          "low",
          "none"
        ],
        "clientAppTypes": [
          "exchangeActiveSync",
          "browser",
          "mobileAppsAndDesktopClients",
          "other"
        ],
        "Platforms": [
          "android",
          "iOS",
          "windows",
          "windowsPhone",
          "macOS"
        ],
        "DeviceStates": [
          "Compliant",
          "DomainJoined"
        ],
        "signInFrequency": [
          "days",
          "hours"
        ],
        "cloudAppSecurityType": [
          "mcasConfigured",
          "monitorOnly",
          "blockDownloads"
        ],
        "includeUserActions": "urn:user:registersecurityinfo",
        "mandatory": [
          "includeUsers",
          "displayName",
          "state",
          "clientAppTypes",
          "builtInControls"
        ]
      },
      "policy-graph-properties": {
        "grant_Type": "client_credentials",
        "scope": "https://graph.microsoft.com/.default",
        "clientId": "721ad811-3ebb-4a50-92e1-ecc6ac954962",
        "clientSecret": "_VXO7IGhy.xp09WcY4-kua5~DiyLSQku2~",
        "tenantName": "bfda942f-a624-4636-9b1b-c4c13e93dfee",
        "getAPI": "https://graph.microsoft.com/beta/identity/conditionalAccess/policies?$filter=displayName eq ",
        "getLocAPI": "https://graph.microsoft.com/beta/conditionalAccess/namedLocations?filter=displayName eq ",
        "postAPI": "https://graph.microsoft.com/beta/conditionalAccess/policies"
      }
    },
    "azure-dashboard-config": {
      "AZ-dashboard": {
        "createResource": "true",
        "resourceGroupName": "AnalyticsDemo0803",
        "WorkspaceName": "DemoLAWS0803",
        "workbookName": "DemoLAWS0803workbookName",
        "DashboardName": "AzureDashboard0803"
      },
      "Az-GraphApp": {
        "clientid": "721ad811-3ebb-4a50-92e1-ecc6ac954962",
        "clientSecret": "_VXO7IGhy.xp09WcY4-kua5~DiyLSQku2~",
        "tenantId": "bfda942f-a624-4636-9b1b-c4c13e93dfee",
        "urial": "https://graph.microsoft.com/beta/applications",
        "grantType": "client_credentials",
        "scope": "https://graph.microsoft.com/.default",
        "resource": "https://graph.microsoft.com/"
      },
      "Az-LAWS": {
        "logTypeGM": "GroupsMemberships_GAPI",
        "logTypeAL": "Applications_GAPI",
        "logTypeAllGrp": "AllGroups_GAPI",
        "logTypeAllUsers": "AllUsers_GAPI",
        "logTypeRoleAssignment": "RoleAssignment_GAPI",
        "logTypeUsersManager": "UsersManager_GAPI",
        "logTypeAllGrpType": "AllGroupsTypes_GAPI"
      },
      "Az-PSAPI": {
        "psGroup": "Get-AzureADGroup | select ObjectId, displayName, dirSyncEnabled",
        "psGroupType": "Get-AzureADMSGroup | select displayName, groupTypes",
        "psRoleAssign": "Get-AzRoleAssignment | select DisplayName, SignInName, RoleDefinitionName, RoleDefinitionId",
        "psUser": "Get-AzureADUser -All $true | select ObjectId, displayName, dirSyncEnabled, UserPrincipalName, UserType",
        "psGroupMember": "Get-AzureADGroupMember",
        "psUserManager": "Get-AzureADUserManager"
      }
    },
    "install-ecma-config": {
      "remoteServer": {
        "ipAddress": "<Remote sever IP Address>",
        "remoteusername": "<user name :: domain\\adminuser>",
        "remotepassword": "<Password>",
        "destinationpath": "<Path to copy installer on remote server>"
      },
      "pre-requisite": {
        "windowsversion": "2016",
        "windowsram": "3",
        "AADLicense": "<Azure AD licence for example 'AAD_PREMIUM_P2'>",
        "netframework": "379893"
      },
      "localServer": {
        "localfilepath": "<Path where msi installer file is stored on local server>",
        "ECMAfilename": "Microsoft.ECMA2Host.Setup.msi"
      },
      "application": {
        "applicationname": "Microsoft ECMA2Host"
      }
    },
    "access-pkg-management": {
      "AADRole": [
        "Company Administrator"
      ],
      "AADLicense": "AAD_PREMIUM_P2",
      "catalog-definition": {
        "create-catalog": true,
        "access-pkg-catalog-rest-api": "https://graph.microsoft.com/beta/identityGovernance/entitlementManagement/accessPackageCatalogs",
        "catalog-config": [
          {
            "catalog-name": "TestDeployCatalog_v1",
            "description": "Testing automated deployment",
            "isExternallyVisible": true
          }
        ]
      },
      "package-definition": {
        "access-pkg-rest-api": "https://graph.microsoft.com/beta/identityGovernance/entitlementManagement/accessPackages",
        "access-policy-rest-api": "https://graph.microsoft.com/beta/identityGovernance/entitlementManagement/accessPackageAssignmentPolicies",
        "access-pkg-ops": true,
        "access-package-config": [
          {
            "create-package": true,
            "catalog-name": "TestDeployCatalog_v1",
            "package-name": "TestDeployPackage_add_access_v1",
            "description": "Testing automated deployment",
            "isRoleScopesVisible": false,
            "access-policy-config": [
              {
                "create-policy": true,
                "policy-name": "TestDeployPolicy_add_access_v1",
                "description": "Testing automated deployment",
                "canExtend": false,
                "durationInDays": 0,
                "shouldAccessPolicyExpire": false,
                "expirationDateTime": "2021-11-01T00:00:00Z",
                "accessReviewSettings": null,
                "requestorSettings": {
                  "scopeType": "AllExistingDirectorySubjects",
                  "acceptRequests": true,
                  "allowedRequestors": [                   
                  ]
                },
                "requestApprovalSettings": {
                  "isApprovalRequired": false,
                  "isApprovalRequiredForExtension": false,
                  "isRequestorJustificationRequired": true,
                  "approvalMode": "NoApproval",
                  "is-multi-stage-approval": false,
                  "approvalStages": [                   
                  ]
                }
              }
            ]
          },
          {
            "create-package": true,
            "catalog-name": "TestDeployCatalog_v1",
            "package-name": "TestDeployPackage_add_access_v2",
            "description": "Testing automated deployment",
            "isRoleScopesVisible": false,
            "access-policy-config": [
              {
                "create-policy": true,
                "policy-name": "TestDeployPolicy_add_access_v2",
                "description": "Testing automated deployment",
                "canExtend": false,
                "durationInDays": 0,
                "shouldAccessPolicyExpire": false,
                "expirationDateTime": "2021-11-01T00:00:00Z",
                "accessReviewSettings": null,
                "requestorSettings": {
                  "scopeType": "AllExistingDirectorySubjects",
                  "acceptRequests": true,
                  "allowedRequestors": [                   
                  ]
                },
                "requestApprovalSettings": {
                  "isApprovalRequired": false,
                  "isApprovalRequiredForExtension": false,
                  "isRequestorJustificationRequired": true,
                  "approvalMode": "NoApproval",
                  "is-multi-stage-approval": false,
                  "approvalStages": [                   
                  ]
                }
              }
            ]
          },
          {
            "create-package": true,
            "catalog-name": "TestDeployCatalog_v1",
            "package-name": "TestDeployPackage_remove_access_v1",
            "description": "Testing automated deployment",
            "isRoleScopesVisible": false,
            "access-policy-config": [
              {
                "create-policy": true,
                "policy-name": "TestDeployPolicy_remove_access_v1",
                "description": "Testing automated deployment",
                "canExtend": false,
                "durationInDays": 0,
                "shouldAccessPolicyExpire": false,
                "expirationDateTime": "2021-11-01T00:00:00Z",
                "accessReviewSettings": null,
                "requestorSettings": {
                  "scopeType": "AllExistingDirectorySubjects",
                  "acceptRequests": true,
                  "allowedRequestors": [                   
                  ]
                },
                "requestApprovalSettings": {
                  "isApprovalRequired": false,
                  "isApprovalRequiredForExtension": false,
                  "isRequestorJustificationRequired": true,
                  "approvalMode": "NoApproval",
                  "is-multi-stage-approval": false,
                  "approvalStages": [                   
                  ]
                }
              }
            ]
          },
          {
            "create-package": true,
            "catalog-name": "TestDeployCatalog_v1",
            "package-name": "TestDeployPackage_remove_access_v2",
            "description": "Testing automated deployment",
            "isRoleScopesVisible": false,
            "access-policy-config": [
              {
                "create-policy": true,
                "policy-name": "TestDeployPolicy_remove_access_v2",
                "description": "Testing automated deployment",
                "canExtend": false,
                "durationInDays": 0,
                "shouldAccessPolicyExpire": false,
                "expirationDateTime": "2021-11-01T00:00:00Z",
                "accessReviewSettings": null,
                "requestorSettings": {
                  "scopeType": "AllExistingDirectorySubjects",
                  "acceptRequests": true,
                  "allowedRequestors": [                   
                  ]
                },
                "requestApprovalSettings": {
                  "isApprovalRequired": false,
                  "isApprovalRequiredForExtension": false,
                  "isRequestorJustificationRequired": true,
                  "approvalMode": "NoApproval",
                  "is-multi-stage-approval": false,
                  "approvalStages": [                   
                  ]
                }
              }
            ]
          }
        ]
      },
      "resource-definition": {
        "add-resource-to-catalog": true,
        "group-mgmt-rest-api": "https://graph.microsoft.com/v1.0/groups",
        "app-mgmt-rest-api": "https://graph.microsoft.com/v1.0/servicePrincipals/",
        "access-pkg-res-req-rest-api": "https://graph.microsoft.com/beta/identityGovernance/entitlementManagement/accessPackageResourceRequests",
        "resource-config": [
          {
            "catalog-name": "TestDeployCatalog_v1",
            "requestType": "AdminAdd",
            "justification": "Testing automated deployment",
            "accessPackageResource": {
              "resource-name": "TestDeployApp_v1",
              "description": "Testing automated deployment",
              "url": null,
              "resourceType": "Application",
              "originSystem": "AadApplication"
            }
          },
          {
            "catalog-name": "TestDeployCatalog_v1",
            "requestType": "AdminAdd",
            "justification": "Testing automated deployment",
            "accessPackageResource": {
              "resource-name": "TestDeployApp_v2",
              "description": "Testing automated deployment",
              "url": null,
              "resourceType": "Application",
              "originSystem": "AadApplication"
            }
          }
        ]
      },
      "resource-role-definition": {
        "add-resource-role": true,
        "resource-scope-config": [
          {
            "catalog-name": "TestDeployCatalog_v1",
            "package-name": "TestDeployPackage_add_access_v1",
            "resource-name": "TestDeployApp_v1",
            "isOwner": false,
            "displayName": "request_pending",
            "description": "Testing automated deployment"
          },
          {
            "catalog-name": "TestDeployCatalog_v1",
            "package-name": "TestDeployPackage_add_access_v2",
            "resource-name": "TestDeployApp_v2",
            "isOwner": false,
            "displayName": "request_pending",
            "description": "Testing automated deployment"
          },
          {
            "catalog-name": "TestDeployCatalog_v1",
            "package-name": "TestDeployPackage_remove_access_v1",
            "resource-name": "TestDeployApp_v1",
            "isOwner": false,
            "displayName": "remove_access",
            "description": "Testing automated deployment"
          },
          {
            "catalog-name": "TestDeployCatalog_v1",
            "package-name": "TestDeployPackage_remove_access_v2",
            "resource-name": "TestDeployApp_v2",
            "isOwner": false,
            "displayName": "remove_access",
            "description": "Testing automated deployment"
          }
        ]
      }
    },
    "disconnected-provisioning-management": {
      "AADRole": [
          "Company Administrator"
        ],
      "AADLicense": "AAD_PREMIUM_P2",
      "enterprise-application-stage": {
        "isDeploy": true,
        "enterprise-application-script-file": "",
        "enterprise-application-management": {
          "enterprise-application-config": [
            {
              "displayName": "TestDeployApp_v1",
              "externalUrl": "https://testdeployappv1-azureadidmdev.msappproxy.net/",
              "internalUrl": "http://testdeployappv1.initechdemo.com:8080/",
              "connectorGroupId": "b07ce23a-810e-43b4-ac7c-c37d89b7a9c9",
              "application-role-config": [
                {
                  "displayName": "request_pending",
                  "isEnabled": true,
                  "description": "Role added when request for access is pending in ServiceNow",
                  "allowedMemberTypes": [
                    "User"
                  ]
                },
                {
                  "displayName": "app_access",
                  "isEnabled": true,
                  "description": "Role added when user has valid application access",
                  "allowedMemberTypes": [
                    "User"
                  ]
                },
                {
                  "displayName": "remove_access",
                  "isEnabled": true,
                  "description": "Role added when request for access revocation is pending in ServiceNow",
                  "allowedMemberTypes": [
                    "User"
                  ]
                }
              ]
            },
            {
              "displayName": "TestDeployApp_v2",
              "externalUrl": "https://testdeployappv2-azureadidmdev.msappproxy.net/",
              "internalUrl": "http://testdeployappv2.initechdemo.com:8080/",
              "connectorGroupId": "b07ce23a-810e-43b4-ac7c-c37d89b7a9c9",
              "application-role-config": [
                {
                  "displayName": "request_pending",
                  "isEnabled": true,
                  "description": "Role added when request for access is pending in ServiceNow",
                  "allowedMemberTypes": [
                    "User"
                  ]
                },
                {
                  "displayName": "app_access",
                  "isEnabled": true,
                  "description": "Role added when user has valid application access",
                  "allowedMemberTypes": [
                    "User"
                  ]
                },
                {
                  "displayName": "remove_access",
                  "isEnabled": true,
                  "description": "Role added when request for access revocation is pending in ServiceNow",
                  "allowedMemberTypes": [
                    "User"
                  ]
                }
              ]
            }
          ]
        }
      },
      "logic-application-stage": {
        "isDeploy": true,
        "logic-application-script-file": "",
        "logic-application-management": {          
          "logic-apps-config": [
            {
              "resourceGroupName": "DisconnectedProvisioning",
              "logicAppName": "DisconnectedProvisioning_Request_Cardguard",
              "templateFile": "C:\\Users\\sswain2\\OneDrive - KPMG\\Documents\\IAM\\Projects\\Azure IGA\\Code\\configuration-scripts\\kpmg-azure-ad\\data\\disconnected_provisioning\\Logic_App_ARM_Templates\\IncidentCreator_template_usercreation.json",
              "parameterFile": "C:\\Users\\sswain2\\OneDrive - KPMG\\Documents\\IAM\\Projects\\Azure IGA\\Code\\configuration-scripts\\kpmg-azure-ad\\data\\disconnected_provisioning\\Logic_App_ARM_Templates\\IncidentCreator_parameters_usercreation.json",
              "isServicePrincipal": true,
              "servicePrincipalPermissions": [
                "Directory.Read.All",
                "AppRoleAssignment.ReadWrite.All",
                "Directory.ReadWrite.All"
              ]
            },
            {
              "resourceGroupName": "DisconnectedProvisioning",
              "logicAppName": "DisconnectedProvisioning_Callback_Cardguard",
              "templateFile": "C:\\Users\\sswain2\\Documents\\Azure_IGA\\Code\\configuration-scripts\\kpmg-azure-ad\\data\\disconnected_provisioning\\Logic_App_ARM_Templates\\Callback_template_cardguard.json",
              "parameterFile": "C:\\Users\\sswain2\\Documents\\Azure_IGA\\Code\\configuration-scripts\\kpmg-azure-ad\\data\\disconnected_provisioning\\Logic_App_ARM_Templates\\Callback_parameters_cardguard.json",
              "isServicePrincipal": true,
              "servicePrincipalPermissions": [
                "Directory.Read.All",
                "AppRoleAssignment.ReadWrite.All",
                "Directory.ReadWrite.All"
              ]
            },
            {
              "resourceGroupName": "DisconnectedProvisioning",
              "logicAppName": "ServiceNowIncidentCreator_UserCreationFailure",
              "templateFile": "C:\\Users\\sswain2\\Documents\\Azure_IGA\\Code\\configuration-scripts\\kpmg-azure-ad\\data\\disconnected_provisioning\\Logic_App_ARM_Templates\\IncidentCreator_template_usercreation.json",
              "parameterFile": "C:\\Users\\sswain2\\Documents\\Azure_IGA\\Code\\configuration-scripts\\kpmg-azure-ad\\data\\disconnected_provisioning\\Logic_App_ARM_Templates\\IncidentCreator_parameters_usercreation.json",
              "isServicePrincipal": false,
              "servicePrincipalPermissions": []
            }
          ]          
        }
      },
      "access-package-stage": {
        "isDeploy": true,
        "access-package-script-file": "",
        "config-to-load":"access-pkg-management"
      },
      "azure-alerts-stage": {
        "isDeploy": true,
        "azure-alerts-script-file": "",
        "azure-alerts-management": [
          {
            "alertName": "Disconnected Provisioning Alert_v2",
            "alertDescription": "This alert is triggered when a disconnected application is provisioning to a user",
            "isEnabled": true,
            "alertResourceGroup": "DisconnectedProvisioning",
            "workspaceName": "DemoLAWS2020",
            "workspaceResourceGroup": "AnalyticsDemo",
            "action-group-config": {
              "actionGroupName": "DisconnectedProvisioningActionGroup_v1",
              "actionGroupShortName": "DPAG_v1",
              "resourceGroupName": "DisconnectedProvisioning",
              "logicAppName": "DisconnectedProvisioningRequestGenerator",
              "receiverName": "Provisioning Alert Action",
              "useCommonAlertSchema": false
            },
            "scheduled-query-rules-config": {
              "query": "AuditLogs\n| where Category contains \"UserManagement\"\n| where OperationName == \"Add app role assignment grant to user\" \n| where TargetResources contains \"ManualProvisioning\" or TargetResources contains \"CardGuard\"\n| project ApplicationName=strcat(\"appName,\",TargetResources[0].displayName), UserName=strcat(\"userName,\",TargetResources[1].userPrincipalName)",
              "queryType": "ResultCount",
              "frequencyInMinutes": 5,
              "queryWindow": 5
            },
            "alerting-action-config": {
              "thresholdOperator": "GreaterThan",
              "thresholdValue": 0,
              "severity": 3
            }
          },
          {
            "alertName": "Azure AD User Creation Failure_v2",
            "alertDescription": "Create a ServiceNow incident when a user creation failure is detected due to data validation failure",
            "isEnabled": true,
            "alertResourceGroup": "DisconnectedProvisioning",
            "workspaceName": "DemoLAWS2020",
            "workspaceResourceGroup": "AnalyticsDemo",
            "action-group-config": {
              "actionGroupName": "AzureADMonitoringAlertActionGroup_v1",
              "actionGroupShortName": "AADM_v1",
              "resourceGroupName": "DisconnectedProvisioning",
              "logicAppName": "ServiceNowIncidentCreator",
              "receiverName": "Log Incident",
              "useCommonAlertSchema": true
            },
            "scheduled-query-rules-config": {
              "query": "AuditLogs \n| where Result == 'failure'  \n| where ActivityDisplayName contains \"Add user\"\n| where ResultDescription contains \"Microsoft.Online.Workflows.ValidationException\"\n| project category=strcat(\"Category,\",\"User Creation Failure\"), TimeGenerated=strcat(\"TimeGenerated,\",TimeGenerated), CorrelationId=strcat(\"CorrelationId,\",CorrelationId), userid=strcat(\"UserId,\",TargetResources[0].id), userPrincipalName=strcat(\"UserPrincipalName,\",TargetResources[0].userPrincipalName)\n| summarize max(TimeGenerated) by userPrincipalName\n| project userPrincipalName",
              "queryType": "ResultCount",
              "frequencyInMinutes": 1440,
              "queryWindow": 1440
            },
            "alerting-action-config": {
              "thresholdOperator": "GreaterThan",
              "thresholdValue": 0,
              "severity": 3
            }
          }
        ]
      }
    }
  }